15.331,8.00,-38.51,0.15,0.12,41.19,-4.28,-0.24,2.73,0.00,-0.01,0.65,0.60,-0.38,0.00,0.05,
15.352,8.00,-38.40,0.15,0.13,41.19,-4.28,-0.24,2.72,0.00,-0.01,1.78,0.60,-0.37,0.00,0.08,
15.373,8.00,-38.30,0.15,0.13,41.17,-4.28,-0.24,2.56,0.00,-0.01,2.54,0.60,-0.37,0.00,0.09,
15.394,8.00,-38.19,0.15,0.13,41.17,-4.28,-0.24,2.73,0.00,-0.01,3.05,0.60,-0.33,0.00,0.07,
15.415,8.00,-38.09,0.15,0.13,41.15,-4.28,-0.25,2.62,0.00,-0.01,3.32,0.60,-0.33,0.00,0.06,
15.436,8.00,-37.99,0.15,0.13,41.14,-4.28,-0.25,2.64,0.00,-0.01,3.58,0.60,-0.33,0.00,0.06,
15.457,8.00,-37.88,0.15,0.13,41.13,-4.28,-0.25,2.69,0.00,-0.01,3.75,0.60,-0.32,0.00,0.07,
15.478,8.00,-37.77,0.15,0.14,41.12,-4.28,-0.26,2.77,0.00,-0.02,3.84,0.60,-0.32,0.00,0.08,
15.499,8.00,-37.66,0.15,0.14,41.11,-4.28,-0.26,2.71,0.00,-0.02,3.86,0.60,-0.32,0.00,0.07,
15.52,8.00,-37.56,0.15,0.14,41.10,-4.28,-0.26,2.56,0.00,-0.01,3.58,0.60,-0.32,0.00,0.06,
15.541,8.00,-37.45,0.15,0.14,41.09,-4.28,-0.27,2.61,0.00,-0.02,3.29,0.60,-0.32,0.00,0.07,
15.562,8.00,-37.34,0.15,0.15,41.08,-4.28,-0.27,2.67,0.00,-0.02,2.97,0.60,-0.31,0.00,0.07,
15.583,8.00,-37.24,0.15,0.15,41.06,-4.28,-0.27,2.62,0.00,-0.01,2.90,0.60,-0.31,0.00,0.06,
15.604,8.00,-37.13,0.15,0.15,41.05,-4.28,-0.27,2.57,0.00,-0.02,2.78,0.60,-0.31,0.00,0.06,
15.626,8.00,-37.03,0.15,0.15,41.04,-4.28,-0.28,2.74,0.00,-0.02,2.67,0.60,-0.31,0.00,0.06,
15.647,8.00,-36.93,0.15,0.15,41.03,-4.28,-0.28,2.58,0.00,-0.02,2.62,0.60,-0.31,0.00,0.06,
15.668,8.00,-36.82,0.15,0.16,41.01,-4.28,-0.28,2.68,0.00,-0.02,2.64,0.60,-0.31,0.00,0.07,
15.689,8.00,-36.72,0.15,0.16,41.00,-4.28,-0.28,2.73,0.00,-0.02,2.58,0.60,-0.31,0.00,0.07,
15.71,8.00,-36.62,0.15,0.16,40.99,-4.28,-0.29,2.69,0.00,-0.02,2.57,0.60,-0.31,0.00,0.06,
15.731,8.00,-36.53,0.15,0.16,40.97,-4.28,-0.29,2.65,0.00,-0.02,2.53,0.60,-0.31,0.00,0.06,
15.752,8.00,-36.43,0.15,0.17,40.96,-4.28,-0.29,2.79,0.00,-0.02,2.51,0.60,-0.31,0.00,0.07,
15.773,8.00,-36.33,0.15,0.17,40.95,-4.28,-0.29,2.76,0.00,-0.02,2.51,0.60,-0.31,0.00,0.07,
15.794,8.00,-36.24,0.15,0.17,40.93,-4.28,-0.29,2.63,0.00,-0.02,2.43,0.60,-0.31,0.00,0.07,
15.815,8.00,-36.15,0.15,0.17,40.92,-4.28,-0.29,2.76,0.00,-0.02,2.20,0.60,-0.31,0.00,0.07,
15.836,8.00,-36.05,0.15,0.17,40.90,-4.28,-0.29,2.74,0.00,-0.02,2.17,0.60,-0.30,0.00,0.06,
15.857,8.00,-35.96,0.15,0.17,40.89,-4.28,-0.29,2.66,0.00,-0.02,2.12,0.60,-0.30,0.00,0.06,
15.878,8.00,-35.87,0.15,0.17,40.88,-4.28,-0.29,2.75,0.00,-0.02,2.12,0.60,-0.30,0.00,0.07,
15.899,8.00,-35.77,0.15,0.17,40.86,-4.28,-0.29,2.66,0.00,-0.02,2.21,0.60,-0.30,0.00,0.06,
15.92,8.00,-35.68,0.15,0.17,40.85,-4.28,-0.29,2.63,0.00,-0.02,2.35,0.60,-0.30,0.00,0.06,
15.941,8.00,-35.59,0.15,0.17,40.83,-4.28,-0.29,2.65,0.00,-0.02,2.45,0.60,-0.30,0.00,0.06,
15.963,8.00,-35.50,0.15,0.17,40.81,-4.28,-0.29,2.67,0.00,-0.02,2.39,0.60,-0.30,0.00,0.07,
15.984,8.00,-35.41,0.15,0.17,40.80,-4.28,-0.29,2.66,0.00,-0.02,2.40,0.60,-0.30,0.00,0.07,
16.005,8.00,-35.32,0.15,0.17,40.78,-4.28,-0.29,2.66,0.00,-0.02,2.41,0.60,-0.30,0.00,0.06,
16.026,8.00,-35.23,0.15,0.17,40.77,-4.28,-0.29,2.65,0.00,-0.02,2.53,0.60,-0.30,0.00,0.06,
16.047,8.00,-35.14,0.15,0.17,40.75,-4.28,-0.29,2.63,0.00,-0.02,2.61,0.60,-0.30,0.00,0.06,
16.068,8.00,-35.04,0.15,0.17,40.73,-4.28,-0.29,2.69,0.00,-0.02,2.59,0.60,-0.30,0.00,0.07,
16.089,8.00,-34.95,0.15,0.17,40.72,-4.28,-0.29,2.66,0.00,-0.02,2.51,0.60,-0.30,0.00,0.07,
16.11,8.00,-34.86,0.15,0.17,40.70,-4.28,-0.29,2.65,0.00,-0.02,2.52,0.60,-0.29,0.00,0.07,
16.131,8.00,-34.77,0.15,0.17,40.68,-4.28,-0.29,2.65,0.00,-0.02,2.47,0.60,-0.29,0.00,0.06,
16.152,8.00,-34.67,0.15,0.17,40.66,-4.28,-0.29,2.70,0.00,-0.02,2.59,0.60,-0.29,0.00,0.07,
16.173,8.00,-34.58,0.15,0.16,40.65,-4.28,-0.29,2.58,0.00,-0.02,2.60,0.60,-0.29,0.00,0.07,
16.194,8.00,-34.48,0.15,0.16,40.63,-4.28,-0.29,2.77,0.00,-0.02,2.55,0.60,-0.29,0.00,0.07,
16.215,8.00,-34.39,0.15,0.16,40.61,-4.28,-0.28,2.67,0.00,-0.02,2.66,0.60,-0.29,0.00,0.06,
16.236,8.00,-34.29,0.15,0.16,40.59,-4.35,-0.29,2.71,0.00,-0.02,2.67,0.60,-0.29,0.00,0.07,
16.257,8.00,-34.20,0.15,0.16,40.57,-4.35,-0.29,2.66,0.00,-0.02,2.70,0.60,-0.29,0.00,0.07,
16.278,8.00,-34.10,0.15,0.16,40.56,-4.35,-0.29,2.66,0.00,-0.02,2.60,0.60,-0.29,0.00,0.07,
16.299,8.00,-34.01,0.15,0.16,40.54,-4.35,-0.28,2.62,0.00,-0.02,2.54,0.60,-0.29,0.00,0.07,
16.321,8.00,-33.91,0.15,0.16,40.52,-4.35,-0.29,2.64,0.00,-0.02,2.55,0.60,-0.29,0.00,0.06,
16.342,8.00,-33.82,0.15,0.16,40.50,-4.35,-0.28,2.70,0.00,-0.02,2.52,0.60,-0.29,0.00,0.06,
16.363,8.00,-33.72,0.15,0.16,40.48,-4.35,-0.28,2.68,0.00,-0.02,2.59,0.60,-0.28,0.00,0.07,
16.384,8.00,-33.63,0.15,0.16,40.46,-4.35,-0.28,2.59,0.00,-0.02,2.54,0.60,-0.28,0.00,0.07,
16.405,8.00,-33.54,0.15,0.16,40.44,-4.35,-0.28,2.59,0.00,-0.02,2.45,0.60,-0.28,0.00,0.07,
16.426,8.00,-33.45,0.15,0.16,40.42,-4.35,-0.28,2.62,0.00,-0.02,2.36,0.60,-0.28,0.00,0.07,
16.447,8.00,-33.35,0.15,0.16,40.40,-4.35,-0.28,2.64,0.00,-0.02,2.27,0.60,-0.28,0.00,0.07,
16.468,8.00,-33.26,0.15,0.16,40.38,-4.35,-0.28,2.62,0.00,-0.02,2.24,0.60,-0.28,0.00,0.07,
16.489,8.00,-33.17,0.15,0.16,40.36,-4.35,-0.28,2.65,0.00,-0.02,2.22,0.60,-0.28,0.00,0.07,
16.51,8.00,-33.08,0.15,0.16,40.34,-4.35,-0.28,2.75,0.00,-0.02,2.24,0.60,-0.28,0.00,0.06,
16.531,8.00,-32.99,0.15,0.16,40.32,-4.35,-0.28,2.68,0.00,-0.02,2.22,0.60,-0.28,0.00,0.07,
16.552,8.00,-32.90,0.15,0.16,40.29,-4.35,-0.28,2.67,0.00,-0.02,2.18,0.60,-0.28,0.00,0.07,
16.573,8.00,-32.81,0.15,0.16,40.27,-4.35,-0.28,2.59,0.00,-0.02,2.10,0.60,-0.28,0.00,0.06,
16.594,8.00,-32.72,0.15,0.16,40.25,-4.35,-0.28,2.66,0.00,-0.02,2.10,0.60,-0.28,0.00,0.07,
16.615,8.00,-32.63,0.15,0.16,40.23,-4.35,-0.28,2.66,0.00,-0.02,2.13,0.60,-0.27,0.00,0.06,
16.636,8.00,-32.54,0.15,0.16,40.21,-4.35,-0.28,2.69,0.00,-0.02,2.12,0.60,-0.27,0.00,0.06,
16.657,8.00,-32.45,0.15,0.16,40.19,-4.35,-0.28,2.69,0.00,-0.02,2.12,0.60,-0.27,0.00,0.06,
16.679,8.00,-32.36,0.15,0.16,40.16,-4.35,-0.28,2.67,0.00,-0.02,2.14,0.60,-0.27,0.00,0.07,
16.7,8.00,-32.27,0.15,0.16,40.16,-4.35,-0.29,3.75,0.00,-0.03,2.19,0.60,-0.27,0.00,0.08,
16.721,8.00,-32.19,0.15,0.16,40.17,-4.35,-0.28,5.10,0.00,-0.04,2.81,0.60,-0.27,0.00,0.07,
16.742,8.00,-32.08,0.15,0.16,40.21,-4.35,-0.28,4.91,0.00,-0.04,3.22,0.60,-0.27,0.00,0.06,
16.763,8.00,-31.95,0.15,0.16,40.23,-4.35,-0.29,4.95,0.00,-0.04,3.44,0.60,-0.27,0.00,0.06,
16.784,8.00,-31.86,0.15,0.16,40.25,-4.35,-0.28,4.40,0.00,-0.03,3.63,0.60,-0.27,0.00,0.08,
16.805,8.00,-31.81,0.15,0.15,40.24,-4.35,-0.31,-4.22,0.00,0.01,3.56,0.60,-0.27,0.00,0.09,
16.826,8.00,-31.91,0.15,0.15,40.30,-4.35,-0.30,-10.15,0.00,0.04,3.34,0.60,-0.27,0.00,0.03,
16.847,8.00,-32.03,0.15,0.16,40.18,-4.35,-0.29,-5.83,0.00,0.01,3.22,0.60,-0.27,0.00,0.06,
16.868,8.00,-32.02,0.15,0.15,40.16,-4.35,-0.28,6.33,0.00,-0.05,3.05,0.60,-0.27,0.00,0.05,
16.889,8.00,-31.59,0.15,0.11,40.20,-4.35,-0.28,14.38,0.00,-0.09,2.95,0.60,-0.27,0.00,0.06,
16.91,8.00,-30.99,0.15,0.11,40.25,-4.35,-0.28,10.56,0.00,-0.06,2.89,0.60,-0.26,0.00,0.07,
16.931,8.00,-30.58,0.15,0.12,40.26,-4.35,-0.29,0.92,0.00,-0.01,2.84,0.60,-0.25,0.00,0.09,
16.952,8.00,-30.32,0.15,0.11,40.21,-4.35,-0.29,-3.29,0.00,0.01,2.80,0.60,-0.25,0.00,0.08,
16.973,8.00,-29.96,0.15,0.08,40.14,-4.35,-0.29,-1.75,0.00,-0.01,2.80,0.60,-0.24,0.00,0.08,
16.994,8.00,-29.37,0.15,0.06,40.10,-4.35,-0.29,1.82,0.00,-0.03,2.77,0.60,-0.24,0.00,0.09,
17.016,8.00,-28.62,0.15,0.05,40.11,-4.35,-0.29,3.74,0.00,-0.03,2.69,0.60,-0.23,0.00,0.08,
17.037,8.00,-27.79,0.15,0.04,40.13,-4.35,-0.29,3.51,0.00,-0.03,2.64,0.60,-0.23,0.00,0.07,
17.058,8.00,-26.90,0.15,0.02,40.14,-4.35,-0.29,3.70,0.00,-0.03,2.60,0.60,-0.22,0.00,0.07,
17.079,8.00,-25.89,0.15,0.01,40.13,-4.35,-0.28,4.24,0.00,-0.04,2.58,0.60,-0.21,0.00,0.08,
17.1,8.00,-24.82,0.15,-0.00,40.11,-4.35,-0.28,4.05,0.00,-0.03,2.57,0.60,-0.20,0.00,0.08,
17.121,8.00,-23.78,0.15,-0.00,40.10,-4.35,-0.29,3.03,0.00,-0.03,2.50,0.60,-0.18,0.00,0.07,
17.142,8.00,-22.79,0.15,0.03,40.01,-4.35,-0.27,5.13,0.00,-0.04,2.51,0.60,-0.17,0.00,0.10,
17.163,8.00,-22.12,0.15,0.06,39.96,-4.35,-0.29,0.24,0.00,-0.02,2.52,0.60,-0.16,0.00,0.06,
17.184,8.00,-21.63,0.15,0.08,39.91,-4.35,-0.28,3.57,0.00,-0.03,2.46,0.60,-0.16,0.00,0.07,
17.205,8.00,-21.40,0.15,0.14,39.89,-4.35,-0.29,2.22,0.00,-0.02,2.50,0.60,-0.15,0.00,0.08,
17.226,8.00,-21.55,0.15,0.17,39.87,-4.35,-0.29,0.99,0.00,-0.02,2.99,0.60,-0.15,0.00,0.08,
17.247,8.00,-21.83,0.15,0.18,39.86,-4.35,-0.28,2.09,0.00,-0.03,3.15,0.60,-0.15,0.00,0.07,
17.268,8.00,-22.14,0.15,0.18,39.82,-4.35,-0.28,2.58,0.00,-0.03,3.35,0.60,-0.16,0.00,0.09,
17.289,8.00,-22.40,0.15,0.18,39.81,-4.35,-0.29,3.39,0.00,-0.03,3.54,0.60,-0.16,0.00,0.06,
17.31,8.00,-22.61,0.15,0.17,39.79,-4.35,-0.28,4.57,0.00,-0.04,3.22,0.60,-0.17,0.00,0.07,
17.331,8.00,-22.74,0.15,0.16,39.74,-4.35,-0.28,3.62,0.00,-0.03,2.89,0.60,-0.17,0.00,0.08,
17.352,8.00,-22.83,0.15,0.15,39.68,-4.35,-0.28,2.37,0.00,-0.03,2.56,0.60,-0.17,0.00,0.07,
17.374,8.00,-22.90,0.15,0.15,39.64,-4.35,-0.28,2.16,0.00,-0.03,2.38,0.60,-0.17,0.00,0.07,
17.395,8.00,-22.92,0.15,0.14,39.62,-4.35,-0.28,2.52,0.00,-0.03,2.25,0.60,-0.17,0.00,0.07,
17.416,8.00,-22.84,0.15,0.13,39.60,-4.35,-0.28,2.89,0.00,-0.03,2.37,0.60,-0.17,0.00,0.08,
17.437,8.00,-22.71,0.15,0.12,39.56,-4.35,-0.28,2.44,0.00,-0.03,2.40,0.60,-0.17,0.00,0.07,
17.458,8.00,-22.55,0.15,0.12,39.53,-4.35,-0.28,2.40,0.00,-0.03,2.39,0.60,-0.17,0.00,0.08,
17.479,8.00,-22.35,0.15,0.11,39.51,-4.35,-0.28,3.26,0.00,-0.03,2.56,0.60,-0.17,0.00,0.07,
17.5,8.00,-22.09,0.15,0.10,39.49,-4.35,-0.28,3.27,0.00,-0.03,2.52,0.60,-0.16,0.00,0.07,
17.521,8.00,-21.81,0.15,0.10,39.46,-4.35,-0.28,2.70,0.00,-0.03,2.46,0.60,-0.16,0.00,0.07,
17.542,8.00,-21.53,0.15,0.10,39.42,-4.35,-0.28,2.61,0.00,-0.03,2.46,0.60,-0.16,0.00,0.08,
17.563,8.00,-21.25,0.15,0.10,39.39,-4.35,-0.28,2.67,0.00,-0.03,2.54,0.60,-0.15,0.00,0.08,
17.584,8.00,-20.96,0.15,0.10,39.35,-4.35,-0.27,3.52,0.00,-0.04,2.69,0.60,-0.15,0.00,0.08,
17.605,8.00,-20.72,0.15,0.10,39.31,-4.35,-0.28,2.11,0.00,-0.03,2.74,0.60,-0.15,0.00,0.07,
17.626,8.00,-20.51,0.15,0.11,39.26,-4.35,-0.28,2.51,0.00,-0.03,2.52,0.60,-0.14,0.00,0.07,
17.647,8.00,-20.41,0.15,0.13,39.21,-4.35,-0.28,2.30,0.00,-0.03,2.40,0.60,-0.14,0.00,0.09,
17.668,8.00,-20.38,0.15,0.14,39.17,-4.35,-0.28,2.70,0.00,-0.03,2.27,0.60,-0.14,0.00,0.07,
17.689,8.00,-20.40,0.15,0.14,39.13,-4.35,-0.27,2.91,0.00,-0.03,2.22,0.60,-0.14,0.00,0.06,
17.71,8.00,-20.37,0.15,0.14,39.03,-4.35,-0.26,4.72,0.00,-0.04,2.18,0.60,-0.14,0.00,0.06,
17.732,8.00,-20.35,0.15,0.14,38.89,-4.35,-0.27,3.92,0.00,-0.04,2.18,0.60,-0.14,0.00,0.07,
17.753,8.00,-20.37,0.15,0.14,38.80,-4.35,-0.26,3.24,0.00,-0.03,2.09,0.60,-0.14,0.00,0.09,
17.774,8.00,-20.43,0.15,0.14,38.73,-4.35,-0.28,1.01,0.00,-0.02,2.13,0.60,-0.14,0.00,0.05,
17.795,8.00,-20.55,0.15,0.15,38.68,-4.35,-0.27,-1.28,0.00,-0.01,2.15,0.60,-0.14,0.00,0.06,
17.816,8.00,-20.68,0.15,0.15,38.61,-4.35,-0.28,0.84,0.00,-0.03,2.24,0.60,-0.15,0.00,0.07,
17.837,8.00,-20.76,0.15,0.14,38.56,-4.35,-0.27,4.26,0.00,-0.04,2.31,0.60,-0.15,0.00,0.07,
17.858,8.00,-20.76,0.15,0.14,38.52,-4.35,-0.27,5.24,0.00,-0.05,2.30,0.60,-0.15,0.00,0.08,
17.879,8.00,-20.78,0.15,0.15,38.50,-4.35,-0.28,3.76,0.00,-0.04,2.29,0.60,-0.15,0.00,0.07,
17.9,8.00,-20.86,0.15,0.15,38.46,-4.35,-0.28,1.73,0.00,-0.03,2.44,0.60,-0.15,0.00,0.06,
17.921,8.00,-20.95,0.15,0.15,38.41,-4.35,-0.27,0.60,0.00,-0.02,2.92,0.60,-0.15,0.00,0.07,
17.942,8.00,-21.03,0.15,0.15,38.34,-4.35,-0.27,1.95,0.00,-0.03,3.32,0.60,-0.15,0.00,0.07,
17.963,8.00,-21.08,0.15,0.14,38.30,-4.35,-0.27,3.78,0.00,-0.04,3.53,0.60,-0.15,0.00,0.07,
17.984,8.00,-21.10,0.15,0.14,38.27,-4.35,-0.27,4.05,0.00,-0.04,3.63,0.60,-0.15,0.00,0.07,
18.005,8.00,-21.14,0.15,0.14,38.24,-4.35,-0.27,2.71,0.00,-0.03,3.48,0.60,-0.15,0.00,0.07,
18.026,8.00,-21.19,0.15,0.14,38.19,-4.35,-0.27,1.86,0.00,-0.03,3.15,0.60,-0.16,0.00,0.07,
18.047,8.00,-21.25,0.15,0.14,38.13,-4.35,-0.27,1.91,0.00,-0.03,2.89,0.60,-0.16,0.00,0.07,
18.069,8.00,-21.30,0.15,0.14,38.09,-4.35,-0.27,2.78,0.00,-0.04,2.73,0.60,-0.16,0.00,0.07,
18.09,8.00,-21.32,0.15,0.14,38.05,-4.35,-0.27,3.41,0.00,-0.04,2.64,0.60,-0.16,0.00,0.07,
18.111,8.00,-21.34,0.15,0.14,38.02,-4.35,-0.27,3.06,0.00,-0.04,2.58,0.60,-0.16,0.00,0.07,
18.132,8.00,-21.36,0.15,0.14,37.97,-4.35,-0.27,2.37,0.00,-0.03,2.57,0.60,-0.16,0.00,0.07,
18.153,8.00,-21.40,0.15,0.14,37.92,-4.35,-0.27,2.18,0.00,-0.03,2.63,0.60,-0.16,0.00,0.07,
18.174,8.00,-21.43,0.15,0.14,37.88,-4.35,-0.27,2.74,0.00,-0.04,2.66,0.60,-0.16,0.00,0.07,
18.195,8.00,-21.44,0.15,0.14,37.84,-4.35,-0.27,2.94,0.00,-0.04,2.80,0.60,-0.16,0.00,0.07,
18.216,8.00,-21.44,0.15,0.14,37.80,-4.35,-0.27,2.85,0.00,-0.04,2.78,0.60,-0.16,0.00,0.07,
18.237,8.00,-21.45,-8.55,0.11,37.75,-4.35,-0.27,2.44,0.00,-0.04,2.79,0.60,-0.16,0.00,0.07,
18.258,8.00,-21.47,-19.57,0.08,37.71,-4.28,-0.27,2.52,0.00,-0.04,2.81,0.60,-0.16,0.00,0.07,
18.279,8.00,-21.48,-29.85,0.05,37.67,-2.25,-0.26,2.70,0.00,-0.04,2.83,0.60,-0.16,0.00,0.07,
18.3,8.00,-21.48,-29.92,0.05,37.63,-2.25,-0.26,2.82,0.00,-0.04,2.81,0.60,-0.16,0.00,0.07,
18.321,8.00,-21.47,-29.92,0.05,37.59,-2.25,-0.26,2.80,0.00,-0.04,2.57,0.60,-0.16,0.00,0.07,
18.342,8.00,-21.47,-29.92,0.05,37.54,-2.03,-0.26,2.56,0.00,-0.04,2.41,0.60,-0.16,0.00,0.06,
18.363,8.00,-21.47,-26.55,0.05,37.50,-3.08,-0.26,2.69,0.00,-0.04,2.31,0.60,-0.16,0.00,0.07,
18.384,8.00,-21.47,-17.47,0.08,37.46,-4.58,-0.27,2.84,0.00,-0.04,2.27,0.60,-0.16,0.00,0.07,
18.405,8.00,-21.45,-6.22,0.11,37.42,-6.90,-0.28,2.87,0.00,-0.04,2.27,0.60,-0.16,0.00,0.06,
18.427,8.00,-21.43,3.53,0.14,37.37,-8.32,-0.29,2.70,0.00,-0.04,2.31,0.60,-0.16,0.00,0.07,
18.448,8.00,-21.41,7.57,0.16,37.33,-8.93,-0.29,2.58,0.00,-0.04,2.50,0.60,-0.16,0.00,0.07,
18.469,8.00,-21.40,20.25,0.19,37.29,-10.43,-0.30,2.52,0.00,-0.04,2.69,0.60,-0.16,0.00,0.06,
18.49,8.00,-21.37,24.15,0.21,37.24,-9.45,-0.29,2.54,0.00,-0.04,2.82,0.60,-0.16,0.00,0.07,
18.511,8.00,-21.33,23.93,0.20,37.20,-8.03,-0.29,2.71,0.00,-0.04,2.84,0.60,-0.16,0.00,0.07,
18.532,8.00,-21.30,22.50,0.20,37.15,-7.50,-0.28,2.86,0.00,-0.04,2.77,0.60,-0.16,0.00,0.07,
18.553,8.00,-21.26,16.80,0.18,37.11,-6.38,-0.28,2.71,0.00,-0.04,2.78,0.60,-0.16,0.00,0.07,
18.574,8.00,-21.23,7.28,0.15,37.07,-4.35,-0.27,2.64,0.00,-0.04,2.79,0.60,-0.16,0.00,0.07,
18.595,8.00,-21.20,-2.48,0.12,37.03,-4.20,-0.27,2.68,0.00,-0.04,2.76,0.60,-0.16,0.00,0.07,
18.616,8.00,-21.16,-10.80,0.10,36.98,-4.20,-0.27,2.66,0.00,-0.04,2.73,0.60,-0.16,0.00,0.07,
18.637,8.00,-21.12,-18.38,0.08,36.94,-4.20,-0.27,2.61,0.00,-0.04,2.69,0.60,-0.16,0.00,0.07,
18.658,8.00,-21.08,-25.58,0.05,36.90,-3.90,-0.27,2.73,0.00,-0.04,2.80,0.60,-0.16,0.00,0.07,
18.679,8.00,-21.05,-28.80,0.04,36.85,-3.53,-0.26,2.67,0.00,-0.04,2.90,0.60,-0.16,0.00,0.06,
18.7,8.00,-21.01,-27.23,0.05,36.81,-3.97,-0.26,2.66,0.00,-0.04,2.85,0.60,-0.15,0.00,0.06,
18.721,8.00,-20.96,-18.38,0.07,36.76,-4.35,-0.27,2.71,0.00,-0.04,2.63,0.60,-0.15,0.00,0.07,
18.742,8.00,-20.91,-2.25,0.12,36.72,-4.35,-0.27,2.84,0.00,-0.04,2.48,0.60,-0.15,0.00,0.06,
18.763,8.00,-20.86,1.42,0.13,36.68,-4.35,-0.27,2.69,0.00,-0.04,2.27,0.60,-0.15,0.00,0.07,
18.785,8.00,-20.81,-0.22,0.13,36.64,-4.35,-0.27,2.55,0.00,-0.04,2.19,0.60,-0.15,0.00,0.06,
18.806,8.00,-20.75,0.30,0.13,36.59,-4.35,-0.26,2.65,0.00,-0.04,2.26,0.60,-0.15,0.00,0.06,
18.827,8.00,-20.69,0.22,0.13,36.55,-4.35,-0.26,2.59,0.00,-0.04,2.36,0.60,-0.15,0.00,0.07,
18.848,8.00,-20.63,0.22,0.13,36.50,-4.35,-0.26,2.78,0.00,-0.04,2.33,0.60,-0.15,0.00,0.06,
18.869,8.00,-20.57,0.22,0.13,36.46,-4.35,-0.26,2.78,0.00,-0.04,2.50,0.60,-0.15,0.00,0.06,
18.89,8.00,-20.51,0.22,0.13,36.41,-4.35,-0.26,2.68,0.00,-0.04,2.51,0.60,-0.15,0.00,0.07,
18.911,8.00,-20.45,0.22,0.13,36.37,-4.35,-0.26,2.62,0.00,-0.04,2.63,0.60,-0.15,0.00,0.07,
18.932,8.00,-20.38,0.22,0.12,36.32,-4.35,-0.26,2.73,0.00,-0.04,2.75,0.60,-0.15,0.00,0.07,
18.953,8.00,-20.32,0.22,0.12,36.28,-4.35,-0.26,2.69,0.00,-0.04,2.89,0.60,-0.15,0.00,0.07,
18.974,8.00,-20.25,0.22,0.12,36.23,-4.35,-0.26,2.65,0.00,-0.04,2.95,0.60,-0.15,0.00,0.07,
18.995,8.00,-20.18,0.15,0.12,36.19,-4.35,-0.26,2.69,0.00,-0.04,2.78,0.60,-0.15,0.00,0.07,
19.016,8.00,-20.11,0.15,0.12,36.14,-4.35,-0.26,2.80,0.00,-0.04,3.01,0.60,-0.15,0.00,0.07,
19.037,8.00,-20.04,0.15,0.12,36.10,-4.35,-0.26,2.65,0.00,-0.04,3.32,0.60,-0.15,0.00,0.07,
19.058,8.00,-19.97,0.15,0.12,36.05,-4.35,-0.26,2.64,0.00,-0.04,3.46,0.60,-0.15,0.00,0.06,
19.079,8.00,-19.90,0.15,0.12,36.01,-4.35,-0.26,2.63,0.00,-0.04,3.55,0.60,-0.14,0.00,0.07,
19.1,8.00,-19.83,0.15,0.12,35.96,-4.35,-0.26,2.68,0.00,-0.04,3.61,0.60,-0.14,0.00,0.07,
19.122,8.00,-19.76,0.15,0.12,35.92,-4.35,-0.26,2.66,0.00,-0.04,3.69,0.60,-0.14,0.00,0.06,
19.143,8.00,-19.68,0.15,0.12,35.87,-4.35,-0.26,2.67,0.00,-0.04,3.69,0.60,-0.14,0.00,0.06,
19.164,8.00,-19.61,0.15,0.12,35.82,-4.35,-0.26,2.67,0.00,-0.04,3.62,0.60,-0.14,0.00,0.07,
19.185,8.00,-19.53,0.15,0.12,35.78,-4.35,-0.26,2.61,0.00,-0.04,3.66,0.60,-0.14,0.00,0.07,
19.206,8.00,-19.46,0.15,0.12,35.73,-4.35,-0.26,2.63,0.00,-0.04,3.56,0.60,-0.14,0.00,0.07,
19.227,8.00,-19.38,0.15,0.12,35.68,-4.35,-0.26,2.70,0.00,-0.05,3.57,0.60,-0.14,0.00,0.07,
19.248,8.00,-19.30,0.15,0.12,35.64,-4.35,-0.26,2.69,0.00,-0.05,3.66,0.60,-0.14,0.00,0.07,
19.269,8.00,-19.22,0.15,0.12,35.59,-4.35,-0.26,2.64,0.00,-0.04,3.72,0.60,-0.14,0.00,0.07,
19.29,8.00,-19.15,0.15,0.12,35.54,-4.35,-0.26,2.70,0.00,-0.05,3.67,0.60,-0.14,0.00,0.07,
19.311,8.00,-19.07,0.15,0.12,35.50,-4.35,-0.26,2.74,0.00,-0.05,3.54,0.60,-0.14,0.00,0.07,
19.332,8.00,-18.99,0.15,0.12,35.45,-4.35,-0.26,2.63,0.00,-0.05,3.21,0.60,-0.13,0.00,0.07,
19.353,8.00,-18.91,0.15,0.12,35.40,-4.35,-0.26,2.65,0.00,-0.05,3.04,0.60,-0.13,0.00,0.07,
19.374,8.00,-18.84,0.15,0.12,35.35,-4.35,-0.26,2.65,0.00,-0.05,2.89,0.60,-0.13,0.00,0.07,
19.395,8.00,-18.76,0.15,0.12,35.31,-4.35,-0.26,2.68,0.00,-0.05,2.73,0.60,-0.13,0.00,0.07,
19.416,8.00,-18.68,0.15,0.12,35.26,-4.28,-0.26,2.74,0.00,-0.05,2.56,0.60,-0.13,0.00,0.07,
19.437,8.00,-18.61,0.15,0.12,35.21,-4.28,-0.26,2.67,0.00,-0.05,2.40,0.60,-0.13,0.00,0.07,
19.458,8.00,-18.53,-0.75,0.11,35.16,-4.28,-0.26,2.67,0.00,-0.05,2.33,0.60,-0.13,0.00,0.07,
19.479,8.00,-18.45,-3.08,0.11,35.11,-4.28,-0.26,2.55,0.00,-0.05,2.25,0.60,-0.13,0.00,0.07,
19.501,8.00,-18.38,-7.13,0.09,35.07,-3.90,-0.26,2.68,0.00,-0.05,2.23,0.60,-0.13,0.00,0.07,
19.522,8.00,-18.30,-12.68,0.08,35.02,-1.80,-0.24,2.71,0.00,-0.05,2.28,0.60,-0.13,0.00,0.07,
19.543,8.00,-18.23,-18.08,0.06,34.97,-0.60,-0.24,2.69,0.00,-0.05,2.34,0.60,-0.13,0.00,0.07,
19.564,8.00,-18.16,-22.80,0.05,34.92,0.07,-0.24,2.67,0.00,-0.05,2.38,0.60,-0.13,0.00,0.07,
19.585,8.00,-18.09,-26.17,0.04,34.87,0.07,-0.23,2.75,0.00,-0.05,2.50,0.60,-0.13,0.00,0.06,
19.606,8.00,-18.02,-28.50,0.03,34.82,0.07,-0.23,2.78,0.00,-0.05,2.48,0.60,-0.13,0.00,0.07,
19.627,8.00,-17.95,-29.92,0.02,34.77,0.00,-0.23,2.67,0.00,-0.05,2.41,0.60,-0.13,0.00,0.07,
19.648,8.00,-17.88,-29.10,0.02,34.72,-1.05,-0.24,2.71,0.00,-0.05,2.28,0.60,-0.13,0.00,0.06,
19.669,8.00,-17.81,-23.93,0.04,34.67,-4.28,-0.26,2.71,0.00,-0.05,2.23,0.60,-0.12,0.00,0.06,
19.69,8.00,-17.74,-15.60,0.07,34.62,-4.28,-0.26,2.71,0.00,-0.05,2.22,0.60,-0.12,0.00,0.07,
19.711,8.00,-17.68,3.08,0.12,34.57,-4.28,-0.25,2.58,0.00,-0.05,2.49,0.60,-0.12,0.00,0.07,
19.732,8.00,-17.61,-0.52,0.11,34.51,-4.28,-0.25,2.67,0.00,-0.05,3.01,0.60,-0.12,0.00,0.06,
19.753,8.00,-17.54,-1.42,0.11,34.46,-4.28,-0.25,2.75,0.00,-0.05,3.25,0.60,-0.12,0.00,0.07,
19.774,8.00,-17.47,0.00,0.11,34.41,-4.28,-0.25,2.72,0.00,-0.05,3.45,0.60,-0.12,0.00,0.07,
19.795,8.00,-17.40,0.30,0.11,34.36,-4.80,-0.26,2.73,0.00,-0.05,3.61,0.60,-0.12,0.00,0.07,
19.816,8.00,-17.33,4.13,0.12,34.31,-6.83,-0.27,2.67,0.00,-0.05,3.31,0.60,-0.12,0.00,0.07,
19.838,8.00,-17.27,8.55,0.14,34.26,-7.57,-0.27,2.71,0.00,-0.05,3.10,0.60,-0.12,0.00,0.06,
19.859,8.00,-17.20,11.85,0.15,34.21,-7.57,-0.27,2.79,0.00,-0.05,2.93,0.60,-0.12,0.00,0.07,
19.88,8.00,-17.13,13.80,0.15,34.16,-6.97,-0.27,2.68,0.00,-0.05,2.73,0.60,-0.12,0.00,0.07,
19.901,8.00,-17.07,13.80,0.15,34.10,-5.63,-0.26,2.55,0.00,-0.05,2.75,0.60,-0.12,0.00,0.07,
19.922,8.00,-17.01,13.80,0.15,34.05,-5.10,-0.26,2.53,0.00,-0.05,2.47,0.60,-0.12,0.00,0.07,
19.943,8.00,-16.94,14.55,0.16,34.00,-4.35,-0.25,2.49,0.00,-0.05,2.38,0.60,-0.12,0.00,0.06,
19.964,8.00,-16.88,16.58,0.16,33.94,-4.35,-0.25,2.59,0.00,-0.05,2.28,0.60,-0.11,0.00,0.07,
19.985,8.00,-16.82,19.13,0.17,33.89,-4.35,-0.25,2.67,0.00,-0.05,2.22,0.60,-0.11,0.00,0.06,
20.006,8.00,-16.76,22.27,0.18,33.84,-4.80,-0.25,2.67,0.00,-0.05,2.19,0.60,-0.11,0.00,0.07,
20.027,8.00,-16.69,25.43,0.19,33.79,-5.55,-0.26,2.60,0.00,-0.05,2.31,0.60,-0.11,0.00,0.07,
20.048,8.00,-16.63,26.92,0.19,33.73,-5.93,-0.26,2.56,0.00,-0.05,2.48,0.60,-0.11,0.00,0.07,
20.069,8.00,-16.57,26.77,0.19,33.68,-5.93,-0.26,2.77,0.00,-0.05,2.50,0.60,-0.11,0.00,0.07,
20.09,8.00,-16.50,25.35,0.19,33.62,-5.93,-0.26,2.74,0.00,-0.05,2.59,0.60,-0.11,0.00,0.06,
20.111,8.00,-16.44,21.98,0.18,33.57,-5.63,-0.26,2.80,0.00,-0.05,2.56,0.60,-0.11,0.00,0.07,
20.132,8.00,-16.38,20.33,0.17,33.52,-6.07,-0.26,2.66,0.00,-0.05,2.57,0.60,-0.11,0.00,0.07,
20.153,8.00,-16.32,19.20,0.17,33.46,-6.97,-0.26,2.66,0.00,-0.05,2.62,0.60,-0.11,0.00,0.07,
20.174,8.00,-16.26,16.73,0.16,33.41,-8.10,-0.27,2.66,0.00,-0.05,2.66,0.60,-0.10,0.00,0.06,
20.196,8.00,-16.20,9.38,0.14,33.35,-8.77,-0.27,2.67,0.00,-0.05,2.65,0.60,-0.10,0.00,0.07,
20.217,8.00,-16.14,-2.33,0.10,33.30,-8.40,-0.27,2.67,0.00,-0.05,2.72,0.60,-0.10,0.00,0.07,
20.238,8.00,-16.09,-11.93,0.07,33.24,-6.60,-0.26,2.65,0.00,-0.05,2.68,0.60,-0.10,0.00,0.07,
20.259,8.00,-16.03,-19.95,0.05,33.19,-4.20,-0.25,2.63,0.00,-0.05,2.64,0.60,-0.10,0.00,0.07,
20.28,8.00,-15.98,-23.48,0.04,33.13,-4.20,-0.25,2.63,0.00,-0.05,2.66,0.60,-0.10,0.00,0.07,
20.301,8.00,-15.92,-25.50,0.03,33.07,-4.20,-0.25,2.70,0.00,-0.05,2.71,0.60,-0.10,0.00,0.07,
20.322,8.00,-15.87,-26.85,0.03,33.02,-4.20,-0.25,2.72,0.00,-0.05,2.69,0.60,-0.10,0.00,0.07,
20.343,8.00,-15.81,-27.98,0.02,32.96,-4.05,-0.25,2.90,0.00,-0.06,2.70,0.60,-0.10,0.00,0.07,
20.364,8.00,-15.75,-28.80,0.02,32.91,-4.05,-0.25,2.76,0.00,-0.05,2.75,0.60,-0.10,0.00,0.07,
20.385,8.00,-15.69,-28.42,0.02,32.85,-4.28,-0.25,2.72,0.00,-0.05,2.74,0.60,-0.10,0.00,0.07,
20.406,8.00,-15.64,-28.42,0.02,32.80,-4.28,-0.25,2.65,0.00,-0.05,2.86,0.60,-0.10,0.00,0.07,
20.427,8.00,-15.58,-23.02,0.03,32.74,-7.65,-0.26,2.78,0.00,-0.06,3.21,0.60,-0.10,0.00,0.06,
20.448,8.00,-15.52,-5.55,0.09,32.68,-13.35,-0.29,2.70,0.00,-0.06,3.37,0.60,-0.10,0.00,0.07,
20.469,8.00,-15.46,8.18,0.13,32.63,-15.90,-0.30,2.56,0.00,-0.05,3.59,0.60,-0.10,0.00,0.07,
20.49,8.00,-15.40,16.80,0.16,32.57,-16.58,-0.31,2.63,0.00,-0.06,3.71,0.60,-0.10,0.00,0.07,
20.511,8.00,-15.33,23.93,0.18,32.51,-16.58,-0.31,2.66,0.00,-0.06,3.58,0.60,-0.10,0.00,0.08,
20.532,8.00,-15.26,29.25,0.19,32.46,-16.43,-0.31,2.85,0.00,-0.06,3.19,0.60,-0.10,0.00,0.06,
20.554,8.00,-15.20,29.92,0.19,32.40,-15.30,-0.30,2.77,0.00,-0.06,3.08,0.60,-0.10,0.00,0.07,
20.575,8.00,-15.13,29.92,0.19,32.34,-14.18,-0.29,2.66,0.00,-0.06,2.99,0.60,-0.10,0.00,0.07,
20.596,8.00,-15.07,29.92,0.20,32.28,-13.50,-0.29,2.67,0.00,-0.06,2.98,0.60,-0.09,0.00,0.08,
20.617,8.00,-15.02,29.92,0.20,32.23,-12.90,-0.29,2.67,0.00,-0.06,2.98,0.60,-0.09,0.00,0.07,
20.638,8.00,-14.96,29.92,0.20,32.17,-12.23,-0.28,2.68,0.00,-0.06,3.00,0.60,-0.09,0.00,0.07,
20.659,8.00,-14.90,29.92,0.20,32.11,-11.70,-0.28,2.71,0.00,-0.06,2.81,0.60,-0.09,0.00,0.07,
20.68,8.00,-14.84,29.92,0.20,32.06,-11.47,-0.28,2.74,0.00,-0.06,2.89,0.60,-0.09,0.00,0.07,
20.701,8.00,-14.79,29.92,0.20,32.00,-11.70,-0.28,2.66,0.00,-0.06,2.82,0.60,-0.09,0.00,0.07,
20.722,8.00,-14.73,29.92,0.20,31.94,-12.83,-0.28,2.60,0.00,-0.06,2.58,0.60,-0.09,0.00,0.07,
20.743,8.00,-14.68,24.90,0.18,31.88,-14.10,-0.29,2.63,0.00,-0.06,2.41,0.60,-0.09,0.00,0.07,
20.764,8.00,-14.62,4.95,0.12,31.82,-11.55,-0.28,2.76,0.00,-0.06,2.28,0.60,-0.09,0.00,0.07,
20.785,8.00,-14.57,-16.58,0.06,31.76,-4.28,-0.24,2.75,0.00,-0.06,2.25,0.60,-0.09,0.00,0.07,
20.806,8.00,-14.52,-27.53,0.02,31.70,-0.75,-0.22,2.74,0.00,-0.06,2.24,0.60,-0.09,0.00,0.07,
20.827,8.00,-14.47,-29.92,0.01,31.65,-0.22,-0.22,2.73,0.00,-0.06,2.16,0.60,-0.09,0.00,0.06,
20.848,8.00,-14.42,-29.92,0.01,31.59,-1.42,-0.23,2.79,0.00,-0.06,2.20,0.60,-0.09,0.00,0.07,
20.869,8.00,-14.37,-29.92,0.01,31.53,-2.10,-0.23,2.69,0.00,-0.06,2.20,0.60,-0.09,0.00,0.07,
20.918,8.00,-14.29,-29.92,0.01,31.39,-2.85,-0.23,2.57,0.00,-0.06,2.30,0.60,-0.09,0.00,0.07,
20.939,8.00,-14.23,-28.57,0.01,31.33,-3.75,-0.24,2.74,0.00,-0.06,2.47,0.60,-0.09,0.00,0.07,
20.961,8.00,-14.18,-19.73,0.04,31.27,-4.50,-0.24,2.68,0.00,-0.06,2.62,0.60,-0.09,0.00,0.06,
20.982,8.00,-14.13,-5.55,0.08,31.21,-6.30,-0.25,2.54,0.00,-0.06,2.74,0.60,-0.09,0.00,0.06,
21.003,8.00,-14.07,5.18,0.11,31.15,-7.57,-0.25,2.65,0.00,-0.06,2.79,0.60,-0.09,0.00,0.07,
21.024,8.00,-14.02,11.40,0.13,31.09,-7.65,-0.25,2.69,0.00,-0.06,2.55,0.60,-0.09,0.00,0.07,
21.045,8.00,-13.96,13.65,0.14,31.03,-7.28,-0.25,2.60,0.00,-0.06,2.46,0.60,-0.08,0.00,0.06,
21.066,8.00,-13.90,14.47,0.15,30.97,-7.20,-0.25,2.49,0.00,-0.06,2.35,0.60,-0.08,0.00,0.07,
21.087,8.00,-13.85,14.63,0.15,30.91,-6.53,-0.25,2.61,0.00,-0.06,2.33,0.60,-0.08,0.00,0.08,
21.108,8.00,-13.79,12.68,0.14,30.85,-5.25,-0.24,2.61,0.00,-0.06,2.31,0.60,-0.08,0.00,0.07,
21.129,8.00,-13.74,7.80,0.13,30.79,-4.28,-0.24,2.72,0.00,-0.06,2.27,0.60,-0.08,0.00,0.06,
21.15,8.00,-13.68,0.22,0.10,30.73,-3.08,-0.23,2.67,0.00,-0.06,2.19,0.60,-0.08,0.00,0.07,
21.171,8.00,-13.63,0.15,0.10,30.66,0.00,-0.21,2.68,0.00,-0.06,2.22,0.60,-0.08,0.00,0.08,
21.192,8.00,-13.58,0.15,0.10,30.60,4.58,-0.19,2.58,0.00,-0.06,2.18,0.60,-0.08,0.00,0.07,
21.213,8.00,-13.53,0.15,0.10,30.54,10.65,-0.16,2.60,0.00,-0.06,2.22,0.60,-0.08,0.00,0.06,
21.234,8.00,-13.47,0.15,0.10,30.48,17.93,-0.12,2.63,0.00,-0.06,2.24,0.60,-0.08,0.00,0.06,
21.255,8.00,-13.42,0.15,0.10,30.42,25.58,-0.09,2.76,0.00,-0.06,2.22,0.60,-0.08,0.00,0.07,
21.276,8.00,-13.36,0.22,0.10,30.36,25.73,-0.08,2.66,0.00,-0.06,2.24,0.60,-0.08,0.00,0.06,
21.297,8.00,-13.31,0.45,0.10,30.29,25.73,-0.08,2.65,0.00,-0.06,2.22,0.60,-0.08,0.00,0.07,
21.319,8.00,-13.26,0.75,0.10,30.23,25.73,-0.08,2.69,0.00,-0.06,2.19,0.60,-0.08,0.00,0.06,
21.34,8.00,-13.20,1.20,0.10,30.17,25.73,-0.08,2.77,0.00,-0.06,2.17,0.60,-0.08,0.00,0.07,
21.361,8.00,-13.15,1.50,0.10,30.11,25.73,-0.08,2.75,0.00,-0.06,2.09,0.60,-0.07,0.00,0.06,
21.382,8.00,-13.09,1.20,0.10,30.05,25.73,-0.08,2.66,0.00,-0.06,2.07,0.60,-0.07,0.00,0.06,
21.403,8.00,-13.03,0.22,0.10,29.98,25.73,-0.08,2.73,0.00,-0.06,2.11,0.60,-0.07,0.00,0.07,
21.424,8.00,-12.97,0.15,0.10,29.92,25.73,-0.08,2.65,0.00,-0.06,2.14,0.60,-0.07,0.00,0.07,
21.445,8.00,-12.91,-0.52,0.10,29.86,25.27,-0.08,2.67,0.00,-0.06,2.16,0.60,-0.07,0.00,0.07,
21.466,8.00,-12.85,-1.50,0.09,29.80,17.47,-0.12,2.69,0.00,-0.06,2.18,0.60,-0.07,0.00,0.06,
21.487,8.00,-12.79,0.15,0.10,29.73,3.90,-0.19,2.58,0.00,-0.06,2.18,0.60,-0.07,0.00,0.07,
21.508,8.00,-12.73,3.45,0.11,29.67,-9.75,-0.26,2.70,0.00,-0.06,2.16,0.60,-0.07,0.00,0.07,
21.529,8.00,-12.67,7.80,0.12,29.61,-22.73,-0.32,2.68,0.00,-0.06,2.17,0.60,-0.07,0.00,0.07,
21.55,8.00,-12.61,9.38,0.13,29.54,-30.00,-0.36,2.60,0.00,-0.06,2.18,0.60,-0.07,0.00,0.07,
21.571,8.00,-12.55,9.98,0.13,29.48,-30.00,-0.36,2.65,0.00,-0.06,2.16,0.60,-0.07,0.00,0.07,
21.592,8.00,-12.49,3.60,0.11,29.42,-30.00,-0.36,2.69,0.00,-0.06,2.11,0.60,-0.07,0.00,0.06,
21.613,8.00,-12.43,-0.97,0.09,29.35,-30.00,-0.36,2.55,0.00,-0.06,2.18,0.60,-0.07,0.00,0.06,
21.634,8.00,-12.38,-1.73,0.09,29.29,-30.00,-0.36,2.59,0.00,-0.06,2.21,0.60,-0.07,0.00,0.07,
21.655,8.00,-12.32,-0.90,0.09,29.23,-30.00,-0.36,2.65,0.00,-0.06,2.38,0.60,-0.07,0.00,0.06,
21.677,8.00,-12.27,0.52,0.10,29.16,-30.00,-0.36,2.75,0.00,-0.06,2.55,0.60,-0.07,0.00,0.07,
21.698,8.00,-12.22,0.52,0.10,29.10,-30.00,-0.36,2.61,0.00,-0.06,2.59,0.60,-0.06,0.00,0.07,
21.719,8.00,-12.17,0.52,0.10,29.03,-30.00,-0.36,2.60,0.00,-0.06,2.64,0.60,-0.06,0.00,0.07,
21.74,8.00,-12.12,0.52,0.10,28.97,-30.00,-0.36,2.67,0.00,-0.06,2.69,0.60,-0.06,0.00,0.07,
21.761,8.00,-12.08,0.38,0.10,28.90,-29.55,-0.35,2.65,0.00,-0.07,2.60,0.60,-0.06,0.00,0.07,
21.782,8.00,-12.04,0.07,0.10,28.84,-18.67,-0.30,2.70,0.00,-0.07,2.61,0.60,-0.06,0.00,0.07,
21.803,8.00,-12.00,-1.73,0.09,28.77,-1.35,-0.21,2.68,0.00,-0.07,2.59,0.60,-0.06,0.00,0.07,
21.824,8.00,-11.96,0.00,0.10,28.71,13.42,-0.14,2.57,0.00,-0.07,2.69,0.60,-0.06,0.00,0.07,
21.845,8.00,-11.92,0.15,0.10,28.64,25.65,-0.08,2.67,0.00,-0.07,2.76,0.60,-0.06,0.00,0.07,
21.866,8.00,-11.89,3.15,0.11,28.58,25.65,-0.08,2.70,0.00,-0.07,2.63,0.60,-0.06,0.00,0.06,
21.887,8.00,-11.85,3.38,0.11,28.51,25.65,-0.08,2.72,0.00,-0.07,2.72,0.60,-0.06,0.00,0.07,
21.908,8.00,-11.81,2.78,0.11,28.44,25.65,-0.07,2.78,0.00,-0.07,2.60,0.60,-0.06,0.00,0.06,
21.929,8.00,-11.77,2.48,0.11,28.38,25.65,-0.07,2.77,0.00,-0.07,2.79,0.60,-0.06,0.00,0.07,
21.95,8.00,-11.73,1.35,0.10,28.31,25.65,-0.07,2.65,0.00,-0.07,2.86,0.60,-0.06,0.00,0.06,
21.971,8.00,-11.70,0.15,0.10,28.25,25.65,-0.07,2.63,0.00,-0.07,2.90,0.60,-0.06,0.00,0.07,
21.992,8.00,-11.65,-1.05,0.09,28.18,25.35,-0.07,2.74,0.00,-0.07,2.85,0.60,-0.06,0.00,0.07,
22.013,8.00,-11.61,-1.73,0.09,28.11,18.08,-0.11,2.64,0.00,-0.07,2.82,0.60,-0.06,0.00,0.07,
22.035,8.00,-11.57,0.52,0.10,28.05,6.22,-0.17,2.69,0.00,-0.07,2.60,0.60,-0.06,0.00,0.07,
22.056,8.00,-11.53,1.42,0.10,27.98,1.27,-0.19,2.72,0.00,-0.07,2.43,0.60,-0.06,0.00,0.07,
22.077,8.00,-11.48,6.00,0.11,27.91,-14.25,-0.27,2.72,0.00,-0.07,2.32,0.60,-0.06,0.00,0.06,
22.098,8.00,-11.44,8.93,0.12,27.85,-27.15,-0.34,2.73,0.00,-0.07,2.28,0.60,-0.06,0.00,0.07,
22.119,8.00,-11.39,8.77,0.12,27.78,-30.00,-0.35,2.51,0.00,-0.07,2.78,0.60,-0.06,0.00,0.07,
22.14,8.00,-11.35,1.95,0.10,27.72,-30.00,-0.35,2.58,0.00,-0.07,3.20,0.60,-0.05,0.00,0.07,
22.161,8.00,-11.31,-1.27,0.09,27.65,-30.00,-0.35,2.59,0.00,-0.07,3.36,0.60,-0.05,0.00,0.06,
22.182,8.00,-11.27,-3.08,0.09,27.58,-30.00,-0.35,2.65,0.00,-0.07,3.51,0.60,-0.05,0.00,0.07,
22.203,8.00,-11.22,-3.82,0.08,27.51,-30.00,-0.35,2.71,0.00,-0.07,3.68,0.60,-0.05,0.00,0.07,
22.224,8.00,-11.18,-4.72,0.08,27.45,-30.00,-0.35,2.70,0.00,-0.07,3.29,0.60,-0.05,0.00,0.07,
22.245,8.00,-11.15,-6.30,0.08,27.38,-30.00,-0.35,2.66,0.00,-0.07,3.03,0.60,-0.05,0.00,0.07,
22.266,8.00,-11.11,-8.48,0.07,27.31,-30.00,-0.35,2.67,0.00,-0.07,2.89,0.60,-0.05,0.00,0.07,
22.287,8.00,-11.07,-10.05,0.07,27.24,-26.92,-0.33,2.71,0.00,-0.07,2.74,0.60,-0.05,0.00,0.07,
22.308,8.00,-11.04,-10.20,0.06,27.17,-22.95,-0.31,2.69,0.00,-0.07,2.55,0.60,-0.05,0.00,0.06,
22.329,8.00,-11.00,-9.52,0.07,27.11,-19.88,-0.30,2.64,0.00,-0.07,2.59,0.60,-0.05,0.00,0.07,
22.35,8.00,-10.97,-9.52,0.07,27.04,-18.00,-0.29,2.62,0.00,-0.07,2.56,0.60,-0.05,0.00,0.07,
22.371,8.00,-10.94,-9.45,0.07,26.97,-16.88,-0.28,2.76,0.00,-0.07,2.51,0.60,-0.05,0.00,0.06,
22.393,8.00,-10.91,-8.63,0.07,26.90,-15.30,-0.27,2.63,0.00,-0.07,2.49,0.60,-0.05,0.00,0.06,
22.414,8.00,-10.88,-8.70,0.07,26.83,-12.90,-0.26,2.67,0.00,-0.07,2.77,0.60,-0.05,0.00,0.06,
22.435,8.00,-10.84,-10.27,0.06,26.76,-10.80,-0.25,2.64,0.00,-0.07,3.10,0.60,-0.05,0.00,0.07,
22.456,8.00,-10.82,-13.88,0.05,26.69,-8.70,-0.24,2.58,0.00,-0.07,3.44,0.60,-0.05,0.00,0.07,
22.477,8.00,-10.79,-19.42,0.04,26.62,-6.67,-0.23,2.64,0.00,-0.07,3.61,0.60,-0.05,0.00,0.06,
22.498,8.00,-10.76,-25.50,0.02,26.56,-4.35,-0.22,2.71,0.00,-0.07,3.74,0.60,-0.05,0.00,0.07,
22.519,8.00,-10.73,-27.53,0.01,26.49,-4.28,-0.21,2.61,0.00,-0.07,3.27,0.60,-0.05,0.00,0.07,
22.54,8.00,-10.70,-27.68,0.01,26.42,-4.28,-0.21,2.57,0.00,-0.07,2.86,0.60,-0.05,0.00,0.07,
22.561,8.00,-10.68,-28.72,0.01,26.35,-4.13,-0.21,2.72,0.00,-0.07,2.59,0.60,-0.05,0.00,0.07,
22.582,8.00,-10.65,-29.70,-0.00,26.28,-3.38,-0.21,2.77,0.00,-0.07,2.45,0.60,-0.05,0.00,0.06,
22.603,8.00,-10.62,-29.85,-0.00,26.21,-2.55,-0.20,2.71,0.00,-0.07,2.37,0.60,-0.05,0.00,0.06,
22.624,8.00,-10.59,-29.18,-0.00,26.14,-1.57,-0.20,2.70,0.00,-0.07,2.34,0.60,-0.05,0.00,0.07,
22.645,8.00,-10.56,-25.13,0.01,26.07,-1.35,-0.20,2.69,0.00,-0.07,2.32,0.60,-0.05,0.00,0.07,
22.666,8.00,-10.53,-14.93,0.04,26.00,-3.97,-0.21,2.75,0.00,-0.07,2.31,0.60,-0.05,0.00,0.06,
22.687,8.00,-10.50,-1.42,0.08,25.93,-4.28,-0.21,2.63,0.00,-0.07,2.30,0.60,-0.05,0.00,0.07,
22.708,8.00,-10.47,4.05,0.10,25.86,-4.28,-0.21,2.67,0.00,-0.07,2.26,0.60,-0.05,0.00,0.07,
22.729,8.00,-10.44,9.08,0.11,25.79,-3.53,-0.21,2.65,0.00,-0.07,2.24,0.60,-0.05,0.00,0.07,
22.751,8.00,-10.41,10.80,0.12,25.72,0.07,-0.19,2.60,0.00,-0.07,2.23,0.60,-0.05,0.00,0.07,
22.772,8.00,-10.37,11.85,0.12,25.64,2.92,-0.17,2.75,0.00,-0.07,2.22,0.60,-0.05,0.00,0.07,
22.793,8.00,-10.34,12.98,0.13,25.57,5.32,-0.16,2.85,0.00,-0.07,2.21,0.60,-0.05,0.00,0.07,
22.814,8.00,-10.31,13.05,0.13,25.50,6.83,-0.15,2.70,0.00,-0.07,2.34,0.60,-0.05,0.00,0.07,
22.835,8.00,-10.27,5.93,0.11,25.43,8.03,-0.15,2.66,0.00,-0.07,2.56,0.60,-0.05,0.00,0.07,
22.856,8.00,-10.24,-7.20,0.07,25.36,8.85,-0.14,2.75,0.00,-0.07,2.52,0.60,-0.04,0.00,0.07,
22.877,8.00,-10.21,-17.55,0.04,25.29,12.52,-0.12,2.73,0.00,-0.07,2.65,0.60,-0.04,0.00,0.07,
22.898,8.00,-10.18,-24.67,0.02,25.22,15.60,-0.11,2.47,0.00,-0.07,2.81,0.60,-0.04,0.00,0.07,
22.919,8.00,-10.15,-24.67,0.02,25.15,12.52,-0.12,2.66,0.00,-0.07,2.56,0.60,-0.04,0.00,0.06,
22.94,8.00,-10.12,-5.25,0.08,25.07,-1.35,-0.19,2.66,0.00,-0.07,2.46,0.60,-0.04,0.00,0.06,
22.961,8.00,-10.09,-5.85,0.07,25.00,-4.72,-0.21,2.52,0.00,-0.07,2.31,0.60,-0.04,0.00,0.06,
22.982,8.00,-10.05,12.52,0.13,24.93,-8.48,-0.23,2.66,0.00,-0.07,2.27,0.60,-0.04,0.00,0.07,
23.003,8.00,-10.02,-11.10,0.06,24.86,0.75,-0.18,2.80,0.00,-0.07,2.21,0.60,-0.04,0.00,0.07,
23.024,8.00,-9.98,-1.88,0.09,24.79,-6.60,-0.22,2.50,0.00,-0.07,2.52,0.60,-0.04,0.00,0.06,
23.045,8.00,-9.94,2.25,0.10,24.72,-9.82,-0.23,2.53,0.00,-0.07,2.66,0.60,-0.03,0.00,0.06,
23.066,8.00,-9.91,7.72,0.11,24.65,-4.95,-0.21,2.72,0.00,-0.07,2.84,0.60,-0.03,0.00,0.07,
23.087,8.00,-9.88,-6.15,0.07,24.58,-1.65,-0.19,2.63,0.00,-0.07,2.73,0.60,-0.03,0.00,0.07,
23.109,8.00,-9.84,-5.03,0.08,24.51,-2.70,-0.20,2.50,0.00,-0.07,2.71,0.60,-0.03,0.00,0.07,
23.13,8.00,-9.80,2.70,0.10,24.43,-3.30,-0.20,2.75,0.00,-0.07,2.74,0.60,-0.04,0.00,0.06,
23.151,8.00,-9.77,4.58,0.10,24.36,-4.72,-0.21,2.76,0.00,-0.07,2.67,0.60,-0.04,0.00,0.07,
23.172,8.00,-9.74,3.75,0.10,24.29,-4.20,-0.20,2.63,0.00,-0.07,2.72,0.60,-0.04,0.00,0.07,
23.193,8.00,-9.70,2.92,0.10,24.21,-4.28,-0.20,2.59,0.00,-0.07,2.69,0.60,-0.04,0.00,0.07,
23.214,8.00,-9.67,0.22,0.09,24.14,-4.28,-0.20,2.90,0.00,-0.07,2.54,0.60,-0.04,0.00,0.07,
23.235,8.00,-9.64,-0.07,0.09,24.07,-4.28,-0.20,2.59,-2.40,-0.09,2.39,0.60,-0.04,0.00,0.06,
23.256,8.00,-9.61,-0.07,0.09,24.00,-4.28,-0.20,2.45,-38.80,-0.52,2.33,0.60,-0.04,0.00,0.07,
23.277,8.00,-9.58,0.07,0.09,23.92,-4.28,-0.20,2.67,-42.00,-0.28,2.26,0.60,-0.04,0.00,0.07,
23.298,8.00,-9.55,0.15,0.09,23.85,-4.28,-0.20,2.79,-68.40,-0.42,2.24,0.60,-0.04,0.00,0.06,
23.319,8.00,-9.52,0.22,0.09,23.78,-4.28,-0.20,2.57,-84.40,-0.50,2.35,0.60,-0.03,0.00,0.08,
23.34,8.00,-9.50,0.22,0.09,23.71,-4.28,-0.20,2.23,-88.00,-0.51,2.65,0.60,-0.03,0.00,0.07,
23.361,8.00,-9.49,0.22,0.09,23.63,-4.28,-0.20,1.61,-76.80,-0.45,2.67,0.60,-0.03,0.00,0.07,
23.382,8.00,-9.49,0.22,0.09,23.55,-4.28,-0.20,0.82,-52.00,-0.32,2.78,0.60,-0.03,0.00,0.06,
23.403,8.00,-9.48,0.22,0.09,23.47,-4.28,-0.20,0.52,-15.60,-0.14,2.75,0.60,-0.03,0.00,0.08,
23.424,8.00,-9.46,0.22,0.09,23.38,-4.28,-0.20,1.39,27.20,0.07,2.47,0.60,-0.03,0.00,0.06,
23.445,8.00,-9.42,0.22,0.09,23.31,-4.28,-0.20,2.99,76.80,0.31,2.31,0.60,-0.03,0.00,0.06,
23.467,8.00,-9.36,0.22,0.09,23.24,-4.28,-0.20,4.17,133.20,0.60,2.27,0.60,-0.03,0.00,0.05,
23.488,8.00,-9.28,0.22,0.09,23.17,-4.28,-0.20,5.20,159.60,0.73,2.22,0.60,-0.02,0.00,0.06,
23.509,8.00,-9.21,0.22,0.09,23.11,-4.28,-0.20,5.32,159.60,0.74,2.26,0.60,-0.02,0.00,0.05,
23.53,8.00,-9.14,0.22,0.09,23.05,-4.28,-0.20,3.82,159.60,0.76,2.36,0.60,-0.02,0.00,0.05,
23.551,8.00,-9.09,0.22,0.09,22.97,-4.28,-0.20,2.38,159.60,0.78,2.43,0.60,-0.02,0.00,0.07,
23.572,8.00,-9.07,0.22,0.09,22.90,-4.28,-0.20,1.76,153.60,0.76,2.43,0.60,-0.03,0.00,0.06,
23.593,8.00,-9.05,0.22,0.09,22.83,-4.28,-0.20,2.22,124.00,0.62,2.47,0.60,-0.03,0.00,0.07,
23.614,8.00,-9.02,0.22,0.09,22.76,-4.28,-0.20,3.28,71.60,0.36,2.46,0.60,-0.03,0.00,0.06,
23.635,8.00,-8.99,0.22,0.09,22.68,-4.28,-0.20,3.27,5.20,0.03,2.46,0.60,-0.03,0.00,0.08,
23.656,8.00,-8.96,0.22,0.09,22.61,-4.28,-0.19,2.78,-53.20,-0.26,2.48,0.60,-0.03,0.00,0.06,
23.677,8.00,-8.95,0.22,0.09,22.53,-4.28,-0.19,2.50,-106.00,-0.53,2.54,0.60,-0.02,0.00,0.07,
23.698,8.00,-8.94,0.22,0.09,22.46,-4.28,-0.20,2.22,-148.40,-0.75,2.45,0.60,-0.02,0.00,0.07,
23.719,8.00,-8.94,0.22,0.09,22.39,-4.28,-0.20,2.53,-159.20,-0.81,2.47,0.60,-0.02,0.00,0.06,
23.74,8.00,-8.93,0.22,0.09,22.30,-4.28,-0.19,2.81,-159.60,-0.83,2.56,0.60,-0.02,0.00,0.08,
23.761,8.00,-8.93,0.22,0.09,22.23,-4.28,-0.19,2.16,-158.40,-0.79,2.59,0.60,-0.03,0.00,0.05,
23.782,8.00,-8.95,0.22,0.09,22.15,-4.28,-0.19,1.32,-158.00,-0.83,2.58,0.60,-0.03,0.00,0.06,
23.804,8.00,-8.98,0.22,0.09,22.06,-4.28,-0.19,0.85,-143.60,-0.77,2.59,0.60,-0.03,0.00,0.06,
23.825,8.00,-9.00,0.22,0.10,21.98,-4.28,-0.19,1.68,-114.40,-0.63,2.64,0.60,-0.03,0.00,0.06,
23.846,8.00,-9.00,0.22,0.09,21.91,-4.28,-0.19,3.54,-35.60,-0.25,2.57,0.60,-0.02,0.00,0.08,
23.867,8.00,-9.00,0.22,0.09,21.84,-4.28,-0.19,3.57,-11.20,-0.13,2.55,0.60,-0.02,0.00,0.05,
23.888,8.00,-9.00,0.22,0.09,21.76,-4.28,-0.19,1.73,2.80,-0.05,2.59,0.60,-0.02,0.00,0.07,
23.909,8.00,-9.02,0.22,0.10,21.67,-4.28,-0.19,0.84,-0.40,-0.06,2.50,0.60,-0.02,0.00,0.07,
23.93,8.00,-9.02,0.22,0.09,21.59,-4.28,-0.19,2.53,-0.40,-0.07,2.31,0.60,-0.02,0.00,0.05,
23.951,8.00,-9.00,0.22,0.09,21.52,-4.28,-0.19,4.68,0.40,-0.08,2.21,0.60,-0.03,0.00,0.07,
23.972,8.00,-8.96,0.22,0.09,21.46,-4.28,-0.19,5.55,0.00,-0.08,2.11,0.60,-0.03,0.00,0.08,
23.993,8.00,-8.94,0.22,0.09,21.39,-4.28,-0.19,3.83,0.00,-0.07,1.99,0.60,-0.03,0.00,0.07,
24.014,8.00,-8.94,0.22,0.09,21.31,-4.28,-0.19,1.82,0.40,-0.06,2.11,0.60,-0.03,0.00,0.06,
24.035,8.00,-8.95,0.22,0.09,21.23,-4.28,-0.19,1.10,0.40,-0.06,2.29,0.60,-0.02,0.00,0.06,
24.056,8.00,-8.96,0.22,0.09,21.15,-4.28,-0.19,2.27,0.00,-0.07,2.44,0.60,-0.02,0.00,0.06,
24.077,8.00,-8.95,0.22,0.09,21.08,-4.28,-0.19,3.40,0.00,-0.07,2.50,0.60,-0.02,0.00,0.07,
24.098,8.00,-8.93,0.22,0.09,21.00,-4.28,-0.19,3.63,0.00,-0.07,2.45,0.60,-0.02,0.00,0.07,
24.119,8.00,-8.92,0.22,0.09,20.93,-4.28,-0.19,2.75,0.00,-0.07,2.45,0.60,-0.03,0.00,0.06,
24.14,8.00,-8.92,0.22,0.09,20.85,-4.28,-0.19,2.02,0.00,-0.07,2.42,0.60,-0.03,0.00,0.07,
24.161,8.00,-8.93,0.22,0.09,20.77,-4.28,-0.19,2.21,0.00,-0.07,2.56,0.60,-0.03,0.00,0.07,
24.183,8.00,-8.92,0.22,0.09,20.69,-4.28,-0.19,2.98,0.00,-0.07,2.53,0.60,-0.03,0.00,0.07,
24.204,8.00,-8.90,0.22,0.09,20.62,-4.28,-0.19,3.29,0.00,-0.07,2.53,0.60,-0.03,0.00,0.07,
24.225,8.00,-8.89,0.22,0.09,20.54,-4.28,-0.18,2.73,0.00,-0.07,2.90,0.60,-0.02,0.00,0.07,
24.246,8.00,-8.89,0.22,0.09,20.46,-4.28,-0.18,2.35,0.00,-0.07,3.26,0.60,-0.02,0.00,0.06,
24.267,8.00,-8.89,0.22,0.09,20.39,-4.28,-0.18,2.71,0.00,-0.07,3.45,0.60,-0.02,0.00,0.07,
24.288,8.00,-8.87,0.22,0.09,20.31,-4.28,-0.18,2.89,0.00,-0.07,3.55,0.60,-0.02,0.00,0.07,
24.309,8.00,-8.85,0.22,0.09,20.23,-4.28,-0.18,2.77,0.00,-0.07,3.65,0.60,-0.03,0.00,0.07,
24.33,8.00,-8.84,0.22,0.09,20.16,-4.28,-0.18,2.53,0.00,-0.07,3.80,0.60,-0.03,0.00,0.07,
24.351,8.00,-8.83,0.22,0.09,20.08,-4.28,-0.18,2.47,0.00,-0.07,3.84,0.60,-0.03,0.00,0.07,
24.372,8.00,-8.82,0.22,0.09,20.00,-4.28,-0.18,2.71,0.00,-0.07,3.72,0.60,-0.03,0.00,0.07,
24.393,8.00,-8.80,0.22,0.09,19.93,-4.28,-0.18,2.88,0.00,-0.07,3.84,0.60,-0.02,0.00,0.06,
24.414,8.00,-8.77,0.22,0.09,19.91,-4.28,-0.20,7.35,0.00,-0.10,3.51,0.60,-0.02,0.00,-0.02,
24.435,8.00,-8.73,0.22,0.08,19.80,-4.28,-0.16,7.75,0.00,-0.10,3.06,0.60,-0.02,0.00,0.12,
24.456,8.00,-8.69,0.22,0.10,19.76,-4.28,-0.18,3.85,0.00,-0.08,2.75,0.60,-0.02,0.00,0.01,
24.477,8.00,-8.69,0.22,0.09,19.63,-4.28,-0.17,1.13,0.00,-0.06,2.56,0.60,-0.02,0.00,0.09,
24.498,8.00,-8.83,0.22,0.09,19.51,-4.28,-0.18,-13.96,0.00,0.02,2.40,0.60,-0.03,0.00,-0.01,
24.52,8.00,-9.06,0.22,0.10,19.33,-4.28,-0.17,-26.79,0.00,0.08,2.30,0.60,-0.03,0.00,-0.00,
24.541,8.00,-9.36,0.22,0.10,19.01,-4.28,-0.15,-27.15,0.00,0.08,2.29,0.60,-0.04,0.00,0.03,
24.562,8.00,-9.63,0.22,0.10,18.65,-4.28,-0.14,-28.35,0.00,0.09,2.22,0.60,-0.04,0.00,0.04,
24.583,8.00,-9.90,0.22,0.10,18.19,-4.28,-0.14,-42.22,0.00,0.17,2.22,0.60,-0.03,0.00,0.13,
24.604,8.00,-10.38,0.22,0.13,17.63,-4.28,-0.12,-57.12,0.00,0.24,2.19,0.60,-0.03,0.00,0.13,
24.625,8.00,-10.87,0.22,0.12,17.03,-4.28,-0.12,-41.59,0.00,0.14,2.35,0.60,-0.04,0.00,0.19,
24.646,8.00,-10.99,0.22,0.10,16.52,-4.28,-0.10,-2.16,0.00,-0.06,2.47,0.60,-0.04,0.00,0.14,
24.667,8.00,-10.74,0.22,0.08,16.15,-4.28,-0.12,34.36,0.00,-0.24,2.46,0.60,-0.04,0.00,0.08,
24.688,8.00,-10.27,0.22,0.07,16.03,-4.28,-0.13,50.74,0.00,-0.31,2.53,0.60,-0.03,0.00,-0.05,
24.709,8.00,-9.78,0.22,0.07,16.04,-4.28,-0.16,61.84,0.00,-0.37,2.44,0.60,-0.03,0.00,-0.17,
24.73,8.00,-9.19,0.22,0.06,16.23,-4.28,-0.17,78.85,0.00,-0.46,2.44,0.60,-0.02,0.00,-0.20,
24.751,8.00,-8.42,0.22,0.05,16.38,-4.28,-0.15,86.17,0.00,-0.49,2.45,0.60,-0.02,0.00,-0.08,
24.772,8.00,-7.72,0.22,0.05,16.38,-4.28,-0.13,71.08,0.00,-0.40,2.42,0.60,-0.00,0.00,0.11,
24.793,8.00,-7.25,0.22,0.06,16.27,-4.28,-0.14,39.79,0.00,-0.24,2.57,0.60,0.00,0.00,0.14,
24.814,8.00,-7.07,0.22,0.07,16.10,-4.28,-0.14,12.58,0.00,-0.11,2.67,0.60,0.00,0.00,0.20,
24.835,8.00,-7.08,0.22,0.08,15.97,-4.28,-0.16,-9.37,0.00,0.00,3.10,0.60,0.00,0.00,0.17,
24.856,8.00,-7.27,0.22,0.09,15.80,-4.28,-0.16,-36.11,0.00,0.14,3.26,0.60,0.00,0.00,0.11,
24.877,8.00,-7.73,0.22,0.10,15.54,-4.28,-0.15,-63.64,0.00,0.28,3.46,0.60,-0.00,0.00,0.05,
24.899,8.00,-8.34,0.22,0.11,15.15,-4.28,-0.14,-77.31,0.00,0.34,3.59,0.60,-0.01,0.00,-0.03,
24.92,8.00,-8.94,0.22,0.11,14.70,-4.28,-0.14,-75.73,0.00,0.32,3.26,0.60,-0.01,0.00,-0.11,
24.941,8.00,-9.43,0.22,0.11,14.26,-4.28,-0.14,-64.39,0.00,0.27,2.84,0.60,-0.02,0.00,-0.08,
24.962,8.00,-9.82,0.22,0.11,13.90,-4.28,-0.14,-45.35,0.00,0.17,2.58,0.60,-0.02,0.00,-0.02,
24.983,8.00,-10.05,0.22,0.11,13.65,-4.28,-0.14,-19.88,0.00,0.04,2.35,0.60,-0.02,0.00,0.06,
25.004,8.00,-10.04,0.22,0.09,13.59,-4.28,-0.15,11.42,0.00,-0.11,2.16,0.60,-0.02,0.00,0.03,
25.025,8.00,-9.78,0.22,0.08,13.74,-4.28,-0.18,41.04,0.00,-0.26,2.63,0.60,-0.02,0.00,-0.05,
25.046,8.00,-9.39,0.22,0.08,14.09,-4.28,-0.19,56.88,0.00,-0.33,3.03,0.60,-0.02,0.00,-0.10,
25.067,8.00,-8.96,0.22,0.07,14.50,-4.28,-0.20,65.49,0.00,-0.37,3.36,0.60,-0.01,0.00,-0.03,
25.088,8.00,-8.48,0.22,0.06,14.90,-4.28,-0.19,68.39,0.00,-0.39,3.55,0.60,-0.01,0.00,0.05,
25.109,8.00,-7.95,0.22,0.06,15.24,-4.28,-0.19,64.99,0.00,-0.37,3.65,0.60,-0.00,0.00,0.07,
25.13,8.00,-7.49,0.22,0.06,15.49,-4.28,-0.18,50.45,0.00,-0.29,3.35,0.60,0.00,0.00,0.13,
25.151,8.00,-7.24,0.22,0.08,15.68,-4.28,-0.18,23.70,0.00,-0.16,3.18,0.60,0.00,0.00,0.12,
25.172,8.00,-7.24,0.22,0.08,15.75,-4.28,-0.17,-3.88,0.00,-0.02,2.96,0.60,0.00,0.00,0.09,
25.193,8.00,-7.42,0.22,0.09,15.73,-4.28,-0.18,-26.05,0.00,0.09,2.90,0.60,0.00,0.00,0.04,
25.214,8.00,-7.74,0.22,0.10,15.64,-4.28,-0.17,-44.67,0.00,0.18,2.73,0.60,-0.00,0.00,-0.00,
25.236,8.00,-8.21,0.22,0.11,15.51,-4.28,-0.17,-59.33,0.00,0.25,2.51,0.60,-0.01,0.00,0.01,
25.257,8.00,-8.74,0.22,0.11,15.28,-4.28,-0.16,-64.02,0.00,0.27,2.40,0.60,-0.01,0.00,0.03,
25.278,8.00,-9.21,0.22,0.11,14.97,-4.28,-0.14,-53.28,0.00,0.21,2.33,0.60,-0.02,0.00,0.06,
25.299,8.00,-9.51,0.22,0.11,14.61,-4.28,-0.13,-33.30,0.00,0.11,2.26,0.60,-0.02,0.00,0.09,
25.32,8.00,-9.63,0.22,0.10,14.29,-4.28,-0.13,-10.81,0.00,-0.00,2.33,0.60,-0.02,0.00,0.05,
25.341,8.00,-9.58,0.22,0.09,14.10,-4.28,-0.14,13.53,0.00,-0.13,2.36,0.60,-0.02,0.00,0.00,
25.362,8.00,-9.38,0.22,0.09,14.14,-4.28,-0.17,37.83,0.00,-0.25,2.40,0.60,-0.02,0.00,-0.01,
25.383,8.00,-9.01,0.22,0.08,14.41,-4.28,-0.19,59.01,0.00,-0.35,2.47,0.60,-0.02,0.00,-0.02,
25.404,8.00,-8.55,0.22,0.07,14.82,-4.28,-0.21,69.99,0.00,-0.40,2.43,0.60,-0.01,0.00,-0.01,
25.425,8.00,-8.10,0.22,0.07,15.30,-4.28,-0.21,66.25,0.00,-0.38,2.81,0.60,-0.01,0.00,0.01,
25.446,8.00,-7.73,0.22,0.07,15.70,-4.28,-0.20,51.79,0.00,-0.30,3.05,0.60,-0.01,0.00,0.05,
25.467,8.00,-7.47,0.22,0.08,15.89,-4.28,-0.17,32.07,0.00,-0.21,3.32,0.60,-0.00,0.00,0.12,
25.488,8.00,-7.33,0.22,0.08,15.85,-4.28,-0.15,12.89,0.00,-0.11,3.53,0.60,-0.01,0.00,0.13,
25.509,8.00,-7.35,0.22,0.10,15.68,-4.28,-0.14,-0.69,0.00,-0.05,3.52,0.60,-0.01,0.00,0.08,
25.53,8.00,-7.48,0.22,0.10,15.50,-4.28,-0.16,-8.40,0.00,-0.01,3.16,0.60,-0.01,0.00,0.03,
25.551,8.00,-7.63,0.22,0.09,15.40,-4.28,-0.17,-8.58,0.00,-0.02,2.94,0.60,-0.01,0.00,0.03,
25.572,8.00,-7.74,0.22,0.09,15.40,-4.28,-0.18,-4.74,0.00,-0.04,2.75,0.60,-0.01,0.00,0.04,
25.593,8.00,-7.81,0.22,0.09,15.51,-4.28,-0.19,-0.31,0.00,-0.06,2.68,0.60,-0.01,0.00,0.06,
25.615,8.00,-7.87,0.22,0.09,15.69,-4.28,-0.20,1.68,0.00,-0.07,2.77,0.60,-0.01,0.00,0.06,
25.636,8.00,-7.92,0.22,0.09,15.82,-4.28,-0.17,0.76,0.00,-0.06,3.06,0.60,-0.01,0.00,0.12,
25.657,8.00,-7.95,0.22,0.09,15.68,-4.28,-0.16,-1.99,0.00,-0.05,3.32,0.60,-0.01,0.00,0.06,
25.678,8.00,-7.99,0.22,0.09,15.51,-4.28,-0.13,-1.02,0.00,-0.06,3.53,0.60,-0.02,0.00,0.07,
25.699,8.00,-8.01,0.22,0.09,15.16,-4.28,-0.12,-0.54,0.00,-0.05,3.68,0.60,-0.02,0.00,0.09,
25.72,8.00,-8.01,0.22,0.08,14.65,-4.28,-0.07,-5.12,0.00,-0.03,3.35,0.60,-0.02,0.00,0.10,
25.741,8.00,-8.08,0.22,0.09,13.79,-4.28,-0.03,-15.80,0.00,0.03,2.95,0.60,-0.02,0.00,0.05,
25.762,8.00,-8.22,0.22,0.10,12.62,-4.28,0.02,-23.34,0.00,0.06,2.64,0.60,-0.01,0.00,-0.04,
25.783,8.00,-8.36,0.22,0.10,11.23,-4.28,0.05,-24.28,0.00,0.07,2.40,0.60,-0.01,0.00,-0.07,
25.804,8.00,-8.52,0.22,0.10,9.74,-4.28,0.06,-23.35,0.00,0.06,2.27,0.60,-0.01,0.00,-0.00,
25.825,8.00,-8.67,0.22,0.10,8.29,-4.28,0.05,-22.21,0.00,0.06,2.76,0.60,-0.01,0.00,0.03,
25.846,8.00,-8.75,0.22,0.10,7.01,-4.28,0.03,-17.66,0.00,0.03,3.10,0.60,-0.01,0.00,0.06,
25.867,8.00,-8.77,0.22,0.10,6.10,-4.28,-0.03,-9.16,0.00,-0.01,3.27,0.60,0.01,0.00,0.05,
25.888,8.00,-8.78,0.22,0.10,5.75,-4.28,-0.11,-3.15,0.00,-0.04,3.46,0.60,0.01,0.00,-0.01,
25.909,8.00,-8.85,0.22,0.10,5.99,-4.28,-0.20,1.30,0.00,-0.06,3.32,0.60,0.01,0.00,-0.15,
25.93,8.00,-8.95,0.22,0.09,6.73,-4.28,-0.27,4.16,0.00,-0.07,2.93,0.60,0.01,0.00,-0.28,
25.952,8.00,-8.97,0.22,0.09,7.87,-4.28,-0.31,9.45,0.00,-0.10,2.71,0.60,0.01,0.00,-0.38,
25.973,8.00,-8.94,0.22,0.09,9.28,-4.28,-0.36,14.52,0.00,-0.13,2.56,0.60,0.01,0.00,-0.23,
25.994,8.00,-8.90,0.22,0.09,10.77,-4.28,-0.34,18.71,0.00,-0.15,2.52,0.60,0.01,0.00,-0.11,
26.015,8.00,-8.81,0.22,0.08,12.06,-4.28,-0.31,22.51,0.00,-0.17,2.78,0.60,0.01,0.00,0.10,
26.036,8.00,-8.66,0.22,0.07,12.91,-4.28,-0.22,22.58,0.00,-0.17,3.17,0.60,-0.02,0.00,0.31,
26.057,8.00,-8.39,0.22,0.06,13.15,-4.28,-0.11,19.20,0.00,-0.15,3.43,0.60,-0.02,0.00,0.37,
26.078,8.00,-8.06,0.22,0.07,12.62,-4.28,-0.01,12.14,0.00,-0.11,3.60,0.60,-0.01,0.00,0.21,
26.099,8.00,-7.85,0.22,0.08,11.48,-4.28,0.03,4.84,0.00,-0.08,3.65,0.60,-0.01,0.00,0.07,
26.12,8.00,-7.75,0.22,0.08,10.25,-4.28,0.04,2.31,0.00,-0.07,3.72,0.60,-0.01,0.00,-0.11,
26.141,8.00,-7.70,0.22,0.08,9.01,-4.28,0.02,4.60,0.00,-0.08,3.82,0.60,-0.00,0.00,-0.16,
26.162,8.00,-7.67,0.22,0.08,8.04,-4.28,-0.01,6.77,0.00,-0.09,3.75,0.60,-0.00,0.00,-0.12,
26.183,8.00,-7.64,0.22,0.08,7.41,-4.28,-0.07,7.59,0.00,-0.10,3.72,0.60,0.00,0.00,0.00,
26.204,8.00,-7.61,0.22,0.08,7.29,-4.28,-0.15,7.87,0.00,-0.10,3.75,0.60,0.00,0.00,-0.02,
26.225,8.00,-7.59,0.22,0.09,7.74,-4.28,-0.23,7.83,0.00,-0.10,3.70,0.60,0.02,0.00,-0.09,
26.246,8.00,-7.62,0.22,0.09,8.69,-4.28,-0.30,10.06,0.00,-0.11,3.68,0.60,0.02,0.00,-0.18,
26.267,8.00,-7.65,0.22,0.08,9.96,-4.28,-0.34,11.99,0.00,-0.12,3.64,0.60,0.02,0.00,-0.12,
26.288,8.00,-7.65,0.22,0.08,11.35,-4.28,-0.35,14.04,0.00,-0.13,3.71,0.60,0.02,0.00,0.04,
26.309,8.00,-7.60,0.22,0.09,12.70,-4.28,-0.33,15.76,0.00,-0.14,3.62,0.60,-0.00,0.00,0.15,
26.331,8.00,-7.51,0.22,0.09,13.83,-4.28,-0.29,17.64,0.00,-0.15,3.26,0.60,-0.00,0.00,0.39,
26.352,8.00,-7.41,0.22,0.05,13.90,-4.28,-0.03,7.94,0.00,-0.09,3.08,0.60,-0.00,0.00,0.27,
26.373,8.00,-7.40,0.22,0.10,13.63,-4.28,-0.16,-7.46,0.00,-0.02,2.85,0.60,0.00,0.00,-0.14,
26.394,8.00,-7.52,0.22,0.10,13.22,-4.28,-0.08,-4.18,0.00,-0.05,2.80,0.60,-0.01,0.00,0.08,
26.415,8.00,-7.68,0.22,0.10,13.07,-4.28,-0.19,-4.91,0.00,-0.03,2.61,0.60,-0.02,0.00,0.05,
26.436,8.00,-7.78,0.22,0.09,13.33,-4.28,-0.20,1.09,0.00,-0.07,2.58,0.60,-0.02,0.00,-0.04,
26.457,8.00,-7.82,0.22,0.09,13.56,-4.28,-0.14,0.79,0.00,-0.07,2.62,0.60,-0.02,0.00,0.11,
26.478,8.00,-7.82,0.22,0.10,13.37,-4.28,-0.16,4.28,0.00,-0.08,2.65,0.60,-0.02,0.00,0.08,
26.499,8.00,-7.83,0.22,0.09,13.28,-4.28,-0.13,6.56,0.00,-0.09,2.69,0.60,-0.01,0.00,0.08,
26.52,8.00,-7.82,0.22,0.09,13.07,-4.28,-0.14,3.93,0.00,-0.08,2.70,0.60,-0.01,0.00,0.12,
26.541,8.00,-7.88,0.22,0.09,13.11,-4.28,-0.17,2.71,0.00,-0.07,2.65,0.60,-0.01,0.00,0.00,
26.562,8.00,-7.91,0.22,0.09,13.10,-4.28,-0.15,1.03,0.00,-0.07,2.73,0.60,-0.01,0.00,0.08,
26.583,8.00,-7.93,0.22,0.09,13.00,-4.28,-0.15,1.16,0.00,-0.07,2.81,0.60,-0.01,0.00,0.03,
26.604,8.00,-7.94,0.22,0.09,12.84,-4.28,-0.13,3.33,0.00,-0.08,2.78,0.60,-0.01,0.00,0.08,
26.625,8.00,-7.93,0.22,0.09,12.73,-4.28,-0.15,3.69,0.00,-0.08,2.60,0.60,-0.01,0.00,0.05,
26.646,8.00,-7.93,0.22,0.09,12.72,-4.28,-0.15,2.51,0.00,-0.07,2.46,0.60,-0.01,0.00,0.07,
26.668,8.00,-7.93,0.22,0.09,12.67,-4.28,-0.15,1.92,0.00,-0.07,2.36,0.60,-0.01,0.00,0.05,
26.689,8.00,-7.92,0.22,0.09,12.57,-4.28,-0.14,2.40,0.00,-0.07,2.34,0.60,-0.01,0.00,0.07,
26.71,8.00,-7.90,0.22,0.08,12.44,-4.28,-0.14,3.38,0.00,-0.08,2.35,0.60,-0.01,0.00,0.07,
26.731,8.00,-7.87,0.22,0.08,12.36,-4.28,-0.15,3.16,0.00,-0.08,2.48,0.60,-0.01,0.00,0.07,
26.752,8.00,-7.85,0.22,0.08,12.32,-4.28,-0.15,2.39,0.00,-0.07,2.60,0.60,-0.01,0.00,0.06,
26.773,8.00,-7.82,0.22,0.08,12.25,-4.28,-0.14,2.08,0.00,-0.07,2.61,0.60,-0.01,0.00,0.06,
26.794,8.00,-7.79,0.22,0.08,12.14,-4.28,-0.14,2.78,0.00,-0.07,2.72,0.60,-0.01,0.00,0.06,
26.815,8.00,-7.74,0.22,0.08,12.03,-4.28,-0.14,3.23,0.00,-0.08,2.59,0.60,-0.01,0.00,0.07,
26.836,8.00,-7.70,0.22,0.08,11.97,-4.28,-0.15,2.81,0.00,-0.07,2.48,0.60,-0.01,0.00,0.06,
26.857,8.00,-7.67,0.22,0.08,11.92,-4.28,-0.14,2.24,0.00,-0.07,2.29,0.60,-0.01,0.00,0.06,
26.878,8.00,-7.64,0.22,0.08,11.84,-4.28,-0.14,2.47,0.00,-0.07,2.26,0.60,-0.01,0.00,0.06,
26.899,8.00,-7.61,0.22,0.08,11.73,-4.28,-0.14,2.93,0.00,-0.08,2.20,0.60,-0.01,0.00,0.06,
26.92,8.00,-7.57,0.22,0.08,11.63,-4.28,-0.14,2.86,0.00,-0.07,2.19,0.60,-0.01,0.00,0.07,
26.941,8.00,-7.55,0.22,0.08,11.58,-4.28,-0.14,2.53,0.00,-0.07,2.34,0.60,-0.01,0.00,0.06,
26.962,8.00,-7.53,0.22,0.08,11.51,-4.28,-0.14,2.42,0.00,-0.07,2.47,0.60,-0.01,0.00,0.06,
26.983,8.00,-7.51,0.22,0.08,11.41,-4.28,-0.14,2.75,0.00,-0.07,2.46,0.60,-0.01,0.00,0.06,
27.004,8.00,-7.50,0.22,0.08,11.31,-4.28,-0.14,3.00,0.00,-0.07,2.49,0.60,-0.01,0.00,0.07,
27.026,8.00,-7.49,0.22,0.09,11.23,-4.28,-0.14,2.63,0.00,-0.07,2.50,0.60,-0.01,0.00,0.06,
27.047,8.00,-7.49,0.22,0.09,11.17,-4.28,-0.14,2.39,0.00,-0.07,2.51,0.60,-0.01,0.00,0.06,
27.068,8.00,-7.50,0.22,0.09,11.09,-4.28,-0.14,2.49,0.00,-0.07,2.55,0.60,-0.01,0.00,0.06,
27.089,8.00,-7.50,0.22,0.09,10.99,-4.28,-0.13,2.91,0.00,-0.07,2.70,0.60,-0.01,0.00,0.06,
27.11,8.00,-7.50,0.22,0.09,10.89,-4.28,-0.14,2.75,0.00,-0.07,2.64,0.60,-0.01,0.00,0.06,
27.131,8.00,-7.51,0.22,0.09,10.82,-4.28,-0.14,2.49,0.00,-0.07,2.67,0.60,-0.01,0.00,0.06,
27.152,8.00,-7.53,0.22,0.09,10.75,-4.28,-0.14,2.52,0.00,-0.07,2.66,0.60,-0.01,0.00,0.06,
27.173,8.00,-7.54,0.22,0.09,10.66,-4.28,-0.13,2.70,0.00,-0.07,2.69,0.60,-0.01,0.00,0.06,
27.194,8.00,-7.54,0.22,0.09,10.56,-4.28,-0.13,2.91,0.00,-0.07,2.78,0.60,-0.01,0.00,0.07,
27.215,8.00,-7.55,0.22,0.09,10.48,-4.28,-0.14,2.61,0.00,-0.07,2.66,0.60,-0.01,0.00,0.07,
27.236,8.00,-7.56,0.22,0.09,10.41,-4.28,-0.14,2.48,0.00,-0.07,2.50,0.60,-0.01,0.00,0.07,
27.257,8.00,-7.56,0.22,0.09,10.33,-4.35,-0.13,2.67,0.00,-0.07,2.37,0.60,-0.01,0.00,0.06,
27.278,8.00,-7.56,0.22,0.08,10.24,-4.35,-0.13,2.86,0.00,-0.07,2.22,0.60,-0.01,0.00,0.06,
27.299,8.00,-7.56,0.22,0.08,10.14,-4.35,-0.13,2.69,0.00,-0.07,2.15,0.60,-0.01,0.00,0.06,
27.32,8.00,-7.55,0.22,0.08,10.07,-4.35,-0.13,2.57,0.00,-0.07,2.20,0.60,-0.01,0.00,0.06,
27.341,8.00,-7.55,0.22,0.08,9.99,-4.35,-0.13,2.55,0.00,-0.07,2.35,0.60,-0.01,0.00,0.06,
27.362,8.00,-7.53,0.22,0.08,9.91,-4.35,-0.13,2.68,0.00,-0.07,2.44,0.60,-0.01,0.00,0.07,
27.384,8.00,-7.52,0.22,0.08,9.82,-4.35,-0.13,2.75,0.00,-0.07,2.47,0.60,-0.01,0.00,0.06,
27.405,8.00,-7.50,0.22,0.08,9.73,-4.35,-0.13,2.55,0.00,-0.07,2.53,0.60,-0.01,0.00,0.06,
27.426,8.00,-7.49,0.22,0.08,9.66,-4.35,-0.13,2.58,0.00,-0.07,2.53,0.60,-0.01,0.00,0.06,
27.447,8.00,-7.47,0.22,0.08,9.58,-4.35,-0.13,2.74,0.00,-0.07,2.66,0.60,-0.01,0.00,0.06,
27.468,8.00,-7.45,0.22,0.08,9.49,-4.35,-0.13,2.73,0.00,-0.07,2.74,0.60,-0.01,0.00,0.06,
27.489,8.00,-7.43,0.22,0.08,9.40,-4.35,-0.13,2.64,0.00,-0.07,2.72,0.60,-0.00,0.00,0.06,
27.51,7.00,-7.41,0.22,0.08,9.32,-4.35,-0.13,2.61,0.00,-0.07,2.72,0.00,-0.00,0.00,0.06,
27.531,7.00,-7.39,0.22,0.08,9.24,-4.35,-0.13,2.65,0.00,-0.07,2.78,0.00,-0.00,0.00,0.07,
27.552,7.00,-7.38,0.22,0.08,9.16,-4.35,-0.13,2.65,0.00,-0.07,2.76,0.00,-0.00,0.00,0.06,
27.573,7.00,-7.37,0.22,0.08,9.07,-4.35,-0.13,2.57,0.00,-0.07,2.79,0.00,-0.00,0.00,0.06,
27.594,7.00,-7.37,0.22,0.08,8.98,-4.35,-0.13,2.56,0.00,-0.07,2.80,0.00,-0.01,0.00,0.06,
27.615,7.00,-7.36,0.22,0.08,8.91,-4.35,-0.13,2.60,0.00,-0.07,2.77,0.00,-0.01,0.00,0.07,
27.636,7.00,-7.35,0.22,0.08,8.83,-4.35,-0.13,2.39,0.00,-0.07,2.81,0.00,-0.00,0.00,0.06,
27.657,7.00,-7.34,0.22,0.08,8.74,-4.35,-0.13,2.71,0.00,-0.07,2.86,0.00,-0.00,0.00,0.06,
27.678,7.00,-7.34,0.22,0.08,8.65,-4.35,-0.13,2.83,0.00,-0.07,2.83,0.00,-0.00,0.00,0.06,
27.699,7.00,-7.33,0.22,0.08,8.57,-4.35,-0.13,2.67,0.00,-0.07,2.77,0.00,-0.00,0.00,0.06,
27.72,7.00,-7.33,0.22,0.08,8.49,-4.35,-0.13,2.52,0.00,-0.07,3.03,0.00,-0.00,0.00,0.07,
27.742,7.00,-7.32,0.22,0.08,8.41,-4.35,-0.13,2.72,0.00,-0.07,3.33,0.00,-0.00,0.00,0.07,
27.763,7.00,-7.33,0.22,0.08,8.32,-4.35,-0.13,2.79,0.00,-0.07,3.48,0.00,-0.00,0.00,0.06,
27.784,7.00,-7.33,0.22,0.08,8.24,-4.35,-0.13,2.72,0.00,-0.07,3.66,0.00,-0.00,0.00,0.06,
27.805,7.00,-7.33,0.22,0.08,8.15,-4.35,-0.13,2.74,0.00,-0.07,3.77,0.00,-0.00,0.00,0.07,
27.826,7.00,-7.33,0.22,0.08,8.07,-4.35,-0.13,2.64,0.00,-0.07,3.85,0.00,-0.00,0.00,0.06,
27.847,7.00,-7.33,0.22,0.08,7.99,-4.35,-0.13,2.73,0.00,-0.07,3.90,0.00,-0.00,0.00,0.07,
27.868,7.00,-7.33,0.22,0.08,7.90,-4.35,-0.13,2.67,0.00,-0.07,3.84,0.00,-0.01,0.00,0.07,
27.889,7.00,-7.33,0.22,0.08,7.81,-4.35,-0.13,2.70,0.00,-0.07,3.92,0.00,-0.01,0.00,0.07,
27.91,7.00,-7.34,0.22,0.08,7.74,-4.35,-0.13,2.68,0.00,-0.07,3.79,0.00,-0.01,0.00,0.06,
27.931,7.00,-7.33,0.22,0.08,7.65,-4.35,-0.13,2.67,0.00,-0.07,3.38,0.00,-0.01,0.00,0.06,
27.952,7.00,-7.33,0.22,0.08,7.57,-4.35,-0.13,2.66,0.00,-0.07,3.11,0.00,-0.01,0.00,0.06,
27.973,7.00,-7.32,0.22,0.08,7.48,-4.35,-0.13,2.73,0.00,-0.07,2.98,0.00,-0.01,0.00,0.06,
27.994,7.00,-7.32,0.22,0.08,7.40,-4.35,-0.13,2.78,0.00,-0.07,3.01,0.00,-0.01,0.00,0.06,
28.015,7.00,-7.31,0.22,0.08,7.32,-4.35,-0.13,2.65,0.40,-0.07,2.97,0.00,-0.01,0.00,0.06,
28.036,7.00,-7.30,0.22,0.08,7.23,-4.35,-0.13,2.66,0.00,-0.07,3.03,0.00,-0.01,0.00,0.06,
28.057,7.00,-7.29,0.22,0.08,7.15,-4.35,-0.13,2.73,0.00,-0.07,3.02,0.00,-0.00,0.00,0.06,
28.078,7.00,-7.28,0.22,0.08,7.06,-4.35,-0.13,2.73,0.00,-0.07,3.00,0.00,-0.00,0.00,0.06,
28.1,7.00,-7.27,0.22,0.08,6.98,-4.35,-0.13,2.68,0.00,-0.07,2.90,0.00,-0.00,0.00,0.07,
28.121,7.00,-7.27,0.22,0.08,6.90,-4.35,-0.13,2.51,0.00,-0.07,2.68,0.00,-0.00,0.00,0.05,
28.142,7.00,-7.24,0.22,0.08,6.81,-4.35,-0.13,2.57,0.00,-0.07,2.51,0.00,0.00,0.00,0.05,
28.163,7.00,-7.24,0.22,0.08,6.73,-4.35,-0.13,2.86,0.00,-0.07,2.40,0.00,0.00,0.00,0.07,
28.184,7.00,-7.25,0.22,0.08,6.64,-4.35,-0.13,2.75,0.00,-0.07,2.32,0.00,0.00,0.00,0.07,
28.205,7.00,-7.22,0.22,0.08,6.56,-4.35,-0.13,2.54,0.00,-0.07,2.19,0.00,0.00,0.00,0.06,
28.226,7.00,-7.24,0.22,0.08,6.48,-4.35,-0.13,2.38,0.00,-0.07,2.34,0.00,-0.00,0.00,0.06,
28.247,7.00,-7.24,0.22,0.08,6.40,-4.35,-0.13,2.74,0.00,-0.07,2.47,0.00,-0.00,0.00,0.06,
28.268,7.00,-7.23,0.22,0.08,6.31,-4.35,-0.13,2.93,0.00,-0.07,2.55,0.00,-0.00,0.00,0.06,
28.289,7.00,-7.24,0.22,0.08,6.23,-4.35,-0.13,2.56,0.00,-0.07,2.63,0.00,-0.00,0.00,0.07,
28.31,7.00,-7.23,0.22,0.08,6.15,-4.35,-0.13,2.61,0.00,-0.07,2.61,0.00,-0.01,0.00,0.06,
28.331,7.00,-7.25,0.22,0.08,6.06,-4.35,-0.13,2.81,0.00,-0.07,2.94,0.00,-0.01,0.00,0.06,
28.352,7.00,-7.24,0.22,0.08,5.98,-4.35,-0.13,2.79,0.00,-0.07,3.31,0.00,-0.01,0.00,0.06,
28.373,7.00,-7.25,0.22,0.08,5.89,-4.35,-0.13,2.68,0.00,-0.07,3.46,0.00,-0.01,0.00,0.06,
28.394,7.00,-7.26,0.22,0.08,5.81,-4.35,-0.13,2.62,0.00,-0.07,3.68,0.00,-0.01,0.00,0.07,
28.415,7.00,-7.25,0.22,0.08,5.73,-4.35,-0.13,2.74,0.00,-0.07,3.56,0.00,-0.00,0.00,0.06,
28.436,7.00,-7.26,0.22,0.08,5.64,-4.35,-0.13,2.70,0.00,-0.07,3.28,0.00,-0.00,0.00,0.06,
28.458,7.00,-7.26,0.22,0.08,5.55,-4.35,-0.13,2.65,0.00,-0.07,3.04,0.00,-0.00,0.00,0.07,
28.479,7.00,-7.27,0.22,0.08,5.47,-4.35,-0.13,2.67,0.00,-0.07,2.93,0.00,-0.00,0.00,0.06,
28.5,7.00,-7.27,0.22,0.08,5.39,-4.35,-0.13,2.74,0.00,-0.07,2.88,0.00,-0.00,0.00,0.06,
28.521,7.00,-7.27,0.22,0.08,5.30,-4.35,-0.13,2.83,0.00,-0.07,3.06,0.00,-0.00,0.00,0.06,
28.542,7.00,-7.27,0.22,0.08,5.22,-4.35,-0.13,2.59,0.00,-0.07,3.00,0.00,-0.00,0.00,0.06,
28.563,7.00,-7.27,0.22,0.08,5.13,-4.35,-0.13,2.61,0.00,-0.07,2.99,0.00,-0.00,0.00,0.06,
28.584,7.00,-7.27,0.22,0.08,5.05,-4.35,-0.13,2.72,0.00,-0.07,2.86,0.00,-0.00,0.00,0.06,
28.605,7.00,-7.26,0.22,0.08,4.97,-4.35,-0.13,2.67,0.00,-0.07,2.82,0.00,-0.00,0.00,0.06,
28.626,7.00,-7.25,0.22,0.08,4.88,-4.28,-0.13,2.63,0.00,-0.07,2.72,0.00,-0.00,0.00,0.06,
28.647,7.00,-7.24,0.22,0.08,4.80,-4.28,-0.13,2.62,0.00,-0.07,2.60,0.00,-0.00,0.00,0.06,
28.668,7.00,-7.24,0.22,0.08,4.72,-4.28,-0.13,2.68,0.00,-0.07,2.55,0.00,-0.00,0.00,0.06,
28.689,7.00,-7.23,0.22,0.08,4.63,-4.28,-0.13,2.68,0.00,-0.07,2.49,0.00,-0.00,0.00,0.07,
28.71,7.00,-7.22,0.22,0.08,4.55,-4.28,-0.13,2.74,0.00,-0.07,2.56,0.00,-0.00,0.00,0.07,
28.731,7.00,-7.21,0.22,0.08,4.46,-4.28,-0.13,2.70,0.00,-0.07,2.67,0.00,-0.00,0.00,0.06,
28.752,7.00,-7.21,0.22,0.08,4.38,-4.28,-0.13,2.59,0.00,-0.07,2.60,0.00,-0.00,0.00,0.06,
28.773,7.00,-7.21,0.22,0.08,4.30,-4.28,-0.13,2.67,0.00,-0.07,2.68,0.00,-0.00,0.00,0.06,
28.794,7.00,-7.21,0.22,0.08,4.21,-4.28,-0.13,2.70,0.00,-0.07,2.73,0.00,-0.00,0.00,0.06,
28.815,7.00,-7.20,0.22,0.08,4.13,-4.28,-0.13,2.67,0.00,-0.07,2.88,0.00,-0.00,0.00,0.07,
28.837,7.00,-7.20,0.22,0.08,4.04,-4.35,-0.13,2.66,0.00,-0.07,2.91,0.00,-0.00,0.00,0.06,
28.858,7.00,-7.20,0.22,0.08,3.96,-4.35,-0.13,2.69,0.00,-0.07,2.77,0.00,-0.00,0.00,0.06,
28.879,7.00,-7.21,0.22,0.08,3.88,-4.35,-0.13,2.69,0.00,-0.07,2.63,0.00,-0.00,0.00,0.07,
28.9,7.00,-7.22,0.22,0.08,3.80,-4.35,-0.13,2.68,0.00,-0.07,2.54,0.00,-0.00,0.00,0.06,
28.921,7.00,-7.19,0.22,0.08,3.75,-4.35,-0.13,2.68,0.00,-0.07,2.51,0.00,-0.00,0.00,0.07,
28.942,7.00,-7.18,0.22,0.08,3.69,-4.35,-0.13,2.68,0.00,-0.07,2.58,0.00,0.00,0.00,0.06,
28.963,7.00,-7.17,0.22,0.08,3.63,-4.35,-0.13,2.70,0.00,-0.07,2.53,0.00,0.00,0.00,0.06,
28.984,7.00,-7.20,0.22,0.08,3.66,-4.35,-0.13,2.70,0.00,-0.07,2.53,0.00,0.00,0.00,0.06,
29.005,7.00,-7.19,0.22,0.08,3.66,-4.35,-0.13,2.78,0.00,-0.07,2.45,0.00,0.00,0.00,0.07,
29.026,7.00,-7.25,0.22,0.08,3.63,-4.35,-0.13,2.69,0.00,-0.07,2.44,0.00,-0.00,0.00,0.06,
29.047,7.00,-7.24,0.22,0.08,3.65,-4.35,-0.13,2.64,0.00,-0.07,2.48,0.00,-0.00,0.00,0.06,
29.068,7.00,-7.22,0.22,0.08,3.66,-4.35,-0.13,2.65,0.00,-0.07,2.47,0.00,-0.00,0.00,0.06,
29.089,7.00,-7.22,0.22,0.08,3.72,-4.35,-0.13,2.61,0.00,-0.07,2.52,0.00,-0.00,0.00,0.05,
29.11,7.00,-7.21,0.22,0.08,3.67,-4.35,-0.13,2.51,0.00,-0.07,2.58,0.00,-0.00,0.00,0.08,
29.131,7.00,-7.23,0.22,0.08,3.76,-4.35,-0.13,2.55,0.00,-0.07,2.65,0.00,-0.00,0.00,0.06,
29.152,7.00,-7.29,0.22,0.08,3.70,-4.35,-0.13,2.69,0.00,-0.07,2.76,0.00,-0.00,0.00,0.07,
29.173,7.00,-7.26,0.22,0.08,3.77,-4.35,-0.13,2.83,0.00,-0.07,2.76,0.00,-0.00,0.00,0.06,
29.195,7.00,-7.20,0.22,0.08,3.75,-4.35,-0.13,2.77,0.00,-0.07,2.71,0.00,-0.00,0.00,0.05,
29.216,7.00,-7.22,0.22,0.08,3.69,-4.35,-0.13,2.62,0.00,-0.07,2.68,0.00,-0.00,0.00,0.07,
29.237,7.00,-7.21,0.22,0.08,3.68,-4.35,-0.13,2.58,0.00,-0.07,2.67,0.00,-0.00,0.00,0.07,
29.258,7.00,-7.25,0.22,0.08,3.72,-4.35,-0.13,2.78,0.00,-0.07,2.71,0.00,-0.00,0.00,0.06,
29.279,7.00,-7.27,0.22,0.08,3.71,-4.35,-0.13,2.74,0.00,-0.07,2.91,0.00,-0.00,0.00,0.06,
29.3,7.00,-7.21,-5.77,0.08,3.73,-2.92,-0.13,2.56,0.00,-0.07,3.00,0.00,-0.00,0.00,0.07,
29.321,7.00,-7.24,-2.10,0.08,3.71,-4.28,-0.13,2.68,0.00,-0.07,2.98,0.00,-0.00,0.00,0.06,
29.342,7.00,-7.23,1.27,0.08,3.73,-4.28,-0.13,2.65,0.00,-0.07,2.91,0.00,-0.00,0.00,0.06,
29.363,7.00,-7.22,-0.45,0.08,3.73,-4.28,-0.13,2.68,0.00,-0.07,2.91,0.00,-0.00,0.00,0.07,
29.384,7.00,-7.19,0.00,0.08,3.72,-4.28,-0.13,2.84,0.00,-0.07,2.91,0.00,-0.00,0.00,0.06,
29.405,7.00,-7.21,0.22,0.08,3.72,-4.28,-0.13,2.72,0.00,-0.07,2.90,0.00,-0.01,0.00,0.07,
29.426,7.00,-7.20,0.22,0.08,3.70,-4.28,-0.13,2.62,0.00,-0.07,2.69,0.00,-0.01,0.00,0.06,
29.447,7.00,-7.16,0.22,0.08,3.72,-4.28,-0.13,2.60,0.00,-0.07,2.51,0.00,-0.01,0.00,0.07,
29.468,7.00,-7.14,0.22,0.08,3.69,-4.28,-0.13,2.81,0.00,-0.07,2.31,0.00,-0.01,0.00,0.06,
29.489,7.00,-7.18,0.22,0.08,3.69,-4.28,-0.13,2.77,0.00,-0.07,2.27,0.00,-0.00,0.00,0.07,
29.51,7.00,-7.19,0.22,0.08,3.67,-4.28,-0.13,2.49,0.00,-0.07,2.22,0.00,-0.00,0.00,0.06,
29.555,7.00,-7.27,0.22,0.08,3.72,-4.28,-0.13,2.76,0.00,-0.07,2.41,0.00,-0.00,0.00,0.06,
29.577,7.00,-7.21,-6.75,0.08,3.71,-6.38,-0.13,2.63,0.00,-0.07,2.54,0.00,-0.00,0.00,0.07,
29.598,7.00,-7.24,-12.52,0.08,3.71,-6.38,-0.13,2.55,0.00,-0.07,2.48,0.00,-0.00,0.00,0.08,
29.619,7.00,-7.26,-17.55,0.08,3.71,-4.28,-0.13,2.46,0.00,-0.07,2.53,0.00,-0.00,0.00,0.07,
29.64,7.00,-7.26,-20.25,0.08,3.71,-3.53,-0.13,2.59,0.00,-0.07,2.53,0.00,-0.00,0.00,0.07,
29.661,7.00,-7.28,-23.78,0.08,3.71,-3.00,-0.13,2.65,0.00,-0.07,2.77,0.00,-0.00,0.00,0.07,
29.682,7.00,-7.29,-24.67,0.08,3.70,-4.28,-0.13,2.67,0.00,-0.07,2.84,0.00,-0.00,0.00,0.07,
29.703,7.00,-7.30,-23.93,0.08,3.70,-8.70,-0.13,2.54,0.00,-0.07,2.85,0.00,-0.00,0.00,0.07,
29.724,7.00,-7.29,-16.88,0.08,3.70,-17.77,-0.13,2.59,0.00,-0.07,2.73,0.00,-0.00,0.00,0.07,
29.745,7.00,-7.29,-9.30,0.08,3.69,-26.85,-0.13,2.71,0.00,-0.07,2.52,0.00,-0.00,0.00,0.06,
29.766,7.00,-7.31,-0.90,0.08,3.68,-30.00,-0.13,2.47,0.00,-0.07,2.41,0.00,-0.00,0.00,0.05,
29.787,7.00,-7.29,2.33,0.08,3.69,-30.00,-0.13,2.54,0.00,-0.07,2.37,0.00,-0.00,0.00,0.05,
29.808,7.00,-7.27,8.40,0.08,3.71,-30.00,-0.13,2.69,0.00,-0.07,2.34,0.00,-0.00,0.00,0.06,
29.829,7.00,-7.25,11.70,0.08,3.72,-30.00,-0.13,2.46,0.00,-0.07,2.52,0.00,-0.00,0.00,0.07,
29.85,7.00,-7.23,10.72,0.08,3.73,-25.65,-0.13,2.32,0.00,-0.07,2.67,0.00,-0.00,0.00,0.06,
29.871,7.00,-7.17,6.75,0.08,3.72,-18.38,-0.13,2.63,0.00,-0.07,2.74,0.00,-0.00,0.00,0.06,
29.892,7.00,-7.13,0.00,0.08,3.72,-12.38,-0.13,2.71,0.00,-0.07,2.67,0.00,-0.00,0.00,0.06,
29.913,7.00,-7.08,-5.55,0.08,3.73,-8.77,-0.13,2.60,0.00,-0.07,2.72,0.00,-0.00,0.00,0.08,
29.935,7.00,-7.02,-14.18,0.08,3.75,-5.93,-0.13,2.58,0.00,-0.07,3.19,0.00,-0.00,0.00,0.06,
29.956,7.00,-6.98,-23.70,0.08,3.75,-4.95,-0.13,2.85,0.00,-0.07,3.47,0.00,0.00,0.00,0.07,
29.977,7.00,-6.93,-28.13,0.08,3.73,-7.87,-0.13,2.80,0.00,-0.07,3.58,0.00,0.00,0.00,0.06,
29.998,7.00,-6.93,-29.85,0.08,3.74,-9.08,-0.13,2.51,0.00,-0.07,3.69,0.00,0.00,0.00,0.05,
30.019,7.00,-6.91,-29.92,0.08,3.74,-17.55,-0.13,2.61,0.00,-0.07,3.70,0.00,0.00,0.00,0.07,
30.04,7.00,-6.90,-29.18,0.08,3.73,-21.30,-0.13,2.71,0.00,-0.07,3.74,0.00,0.00,0.00,0.07,
30.061,7.00,-6.89,-17.02,0.08,3.72,-29.85,-0.13,2.65,0.00,-0.07,3.86,0.00,0.00,0.00,0.07,
30.082,7.00,-6.89,3.00,0.08,3.74,-30.00,-0.13,2.58,0.00,-0.07,3.87,0.00,0.00,0.00,0.05,
30.103,7.00,-6.89,18.45,0.08,3.75,-30.00,-0.13,2.56,0.00,-0.07,3.92,0.00,0.00,0.00,0.06,
30.124,7.00,-6.91,25.50,0.08,3.77,-25.50,-0.13,2.69,0.00,-0.07,3.94,0.00,0.00,0.00,0.08,
30.145,7.00,-6.91,-17.17,0.08,3.76,14.93,-0.13,2.55,0.00,-0.07,3.99,0.00,0.00,0.00,0.07,
30.166,7.00,-6.89,6.00,0.08,3.77,-25.20,-0.13,2.76,0.00,-0.07,4.02,0.00,0.00,0.00,0.08,
30.187,7.00,-6.90,7.50,0.08,3.79,12.83,-0.13,2.61,0.00,-0.07,4.04,0.00,0.00,0.00,0.04,
30.208,7.00,-6.92,-15.67,0.08,3.78,-20.40,-0.13,2.61,0.00,-0.07,4.06,0.00,0.00,0.00,0.06,
30.229,7.00,-6.93,16.73,0.08,3.77,7.20,-0.13,2.98,0.00,-0.07,3.71,0.00,-0.00,0.00,0.07,
30.25,7.00,-6.94,-11.63,0.08,3.79,-14.85,-0.13,2.74,0.00,-0.07,3.39,0.00,-0.00,0.00,0.06,
30.271,7.00,-6.98,1.42,0.08,3.79,1.57,-0.13,2.49,0.00,-0.07,3.15,0.00,-0.00,0.00,0.05,
30.292,7.00,-6.97,8.93,0.08,3.79,-6.83,-0.13,2.77,0.00,-0.07,3.08,0.00,-0.00,0.00,0.04,
30.314,7.00,-7.01,-11.47,0.08,3.78,-7.95,-0.13,2.90,0.00,-0.07,3.07,0.00,0.00,0.00,0.08,
30.335,7.00,-7.03,4.65,0.08,3.77,-2.17,-0.13,2.63,0.00,-0.07,3.42,0.00,0.00,0.00,0.06,
30.356,7.00,-7.05,6.67,0.08,3.78,-2.85,-0.13,2.58,0.00,-0.07,3.65,0.00,0.00,0.00,0.05,
30.377,7.00,-7.08,-6.07,0.08,3.78,-4.28,-0.13,2.76,0.00,-0.07,3.74,0.00,0.00,0.00,0.06,
30.398,7.00,-7.12,-4.72,0.08,3.77,-4.20,-0.13,2.89,0.00,-0.07,3.80,0.00,-0.00,0.00,0.07,
30.419,7.00,-7.19,2.33,0.08,3.78,-4.28,-0.13,2.38,0.00,-0.07,3.61,0.00,-0.00,0.00,0.07,
30.44,7.00,-7.21,4.05,0.08,3.79,-4.28,-0.13,2.41,0.00,-0.07,3.48,0.00,-0.00,0.00,0.06,
30.461,7.00,-7.24,3.53,0.08,3.77,-4.28,-0.13,2.85,0.00,-0.07,3.38,0.00,-0.00,0.00,0.05,
30.482,7.00,-7.28,2.63,0.08,3.74,-4.28,-0.13,2.64,0.00,-0.07,3.19,0.00,-0.00,0.00,0.07,
30.503,7.00,-7.29,2.25,0.08,3.76,-4.28,-0.13,2.41,0.00,-0.07,3.12,0.00,-0.00,0.00,0.08,
30.524,7.00,-7.27,-0.68,0.08,3.75,-4.28,-0.13,2.69,0.00,-0.07,2.79,0.00,-0.00,0.00,0.07,
30.545,7.00,-7.30,0.75,0.08,3.75,-4.28,-0.13,2.83,0.00,-0.07,2.59,0.00,-0.00,0.00,0.06,
30.566,7.00,-7.30,0.45,0.08,3.74,-4.28,-0.13,2.61,0.00,-0.07,2.37,0.00,-0.00,0.00,0.05,
30.587,7.00,-7.32,0.30,0.08,3.75,-4.28,-0.13,2.59,0.00,-0.07,2.34,0.00,-0.00,0.00,0.07,
30.608,7.00,-7.33,0.15,0.08,3.76,-4.28,-0.13,2.81,0.00,-0.07,2.29,0.00,-0.00,0.00,0.07,
30.629,7.00,-7.32,0.15,0.08,3.77,-4.28,-0.13,2.64,0.00,-0.07,2.46,0.00,-0.00,0.00,0.06,
30.65,7.00,-7.31,0.15,0.08,3.76,-4.28,-0.13,2.48,0.00,-0.07,2.60,0.00,-0.00,0.00,0.06,
30.672,7.00,-7.27,0.15,0.08,3.73,-4.28,-0.13,2.70,0.00,-0.07,2.58,0.00,-0.00,0.00,0.07,
30.693,7.00,-7.24,0.15,0.08,3.71,-4.28,-0.13,2.68,0.00,-0.07,2.58,0.00,-0.00,0.00,0.06,
30.714,7.00,-7.23,0.15,0.08,3.69,-4.28,-0.13,2.55,0.00,-0.07,2.50,0.00,-0.00,0.00,0.06,
30.735,7.00,-7.20,0.15,0.08,3.66,-4.28,-0.13,2.67,0.00,-0.07,2.31,0.00,-0.00,0.00,0.06,
30.756,7.00,-7.18,0.15,0.08,3.65,-4.28,-0.13,2.75,0.00,-0.07,2.22,0.00,-0.00,0.00,0.06,
30.777,7.00,-7.14,0.15,0.08,3.68,-4.28,-0.13,2.68,0.00,-0.07,2.21,0.00,-0.00,0.00,0.07,
30.798,7.00,-7.10,0.15,0.08,3.69,-4.28,-0.13,2.62,0.00,-0.07,2.15,0.00,-0.00,0.00,0.06,
30.819,7.00,-7.10,0.15,0.08,3.69,-4.28,-0.13,2.65,0.00,-0.07,2.43,0.00,-0.00,0.00,0.06,
30.84,7.00,-7.06,0.15,0.08,3.68,-4.28,-0.13,2.71,0.00,-0.07,2.88,0.00,-0.00,0.00,0.06,
30.861,7.00,-7.07,0.15,0.08,3.68,-4.28,-0.13,2.70,0.00,-0.07,3.13,0.00,0.00,0.00,0.07,
30.882,7.00,-7.05,0.15,0.08,3.65,-4.28,-0.13,2.77,0.00,-0.07,3.27,0.00,0.00,0.00,0.06,
30.903,7.00,-7.04,0.15,0.08,3.61,-4.28,-0.13,2.68,0.00,-0.07,3.44,0.00,0.00,0.00,0.06,
30.924,7.00,-7.06,0.15,0.08,3.62,-4.28,-0.13,2.71,0.00,-0.07,3.55,0.00,0.00,0.00,0.07,
30.945,7.00,-7.05,0.15,0.08,3.65,-4.28,-0.13,2.72,0.00,-0.07,3.58,0.00,0.00,0.00,0.07,
30.966,7.00,-7.08,0.15,0.08,3.63,-4.28,-0.13,2.58,0.00,-0.07,3.51,0.00,-0.00,0.00,0.07,
30.987,7.00,-7.14,0.15,0.08,3.60,-4.28,-0.13,2.76,0.00,-0.07,3.64,0.00,-0.00,0.00,0.06,
31.008,7.00,-7.13,0.15,0.08,3.63,-4.28,-0.13,2.67,0.00,-0.07,3.67,0.00,-0.00,0.00,0.06,
31.03,7.00,-7.13,0.15,0.08,3.59,-4.28,-0.13,2.66,0.00,-0.07,3.27,0.00,-0.00,0.00,0.06,
31.051,7.00,-7.17,0.15,0.08,3.65,-4.28,-0.13,2.70,0.00,-0.07,2.96,0.00,0.00,0.00,0.06,
31.072,7.00,-7.19,0.15,0.08,3.64,-4.28,-0.13,2.67,0.00,-0.07,2.78,0.00,0.00,0.00,0.06,
31.093,7.00,-7.22,0.15,0.08,3.64,-4.28,-0.13,2.62,0.00,-0.07,2.80,0.00,0.00,0.00,0.06,
31.114,7.00,-7.19,0.15,0.08,3.62,-4.28,-0.13,2.63,0.00,-0.07,2.68,0.00,0.00,0.00,0.06,
31.135,7.00,-7.18,0.15,0.08,3.58,-4.28,-0.13,2.69,0.00,-0.07,2.57,0.00,-0.00,0.00,0.06,
31.156,7.00,-7.20,0.15,0.08,3.62,-4.28,-0.13,2.57,0.00,-0.07,2.56,0.00,-0.00,0.00,0.06,
31.177,7.00,-7.20,0.15,0.08,3.63,-4.28,-0.13,2.69,0.00,-0.07,2.49,0.00,-0.00,0.00,0.06,
31.198,7.00,-7.22,0.15,0.08,3.65,-4.28,-0.13,2.63,0.00,-0.07,2.45,0.00,-0.00,0.00,0.06,
31.219,7.00,-7.21,0.15,0.08,3.69,-4.28,-0.13,2.65,0.00,-0.07,2.71,0.00,-0.00,0.00,0.06,
31.24,7.00,-7.19,0.15,0.08,3.70,-4.28,-0.13,2.67,0.00,-0.07,2.97,0.00,-0.00,0.00,0.06,
31.261,7.00,-7.20,0.15,0.08,3.70,-4.28,-0.13,2.63,0.00,-0.07,3.27,0.00,-0.00,0.00,0.06,
31.282,7.00,-7.22,0.15,0.08,3.73,-4.28,-0.13,2.66,0.00,-0.07,3.49,0.00,-0.00,0.00,0.07,
31.303,7.00,-7.19,0.15,0.08,3.67,-4.28,-0.13,2.69,0.00,-0.07,3.55,0.00,-0.00,0.00,0.06,
31.324,7.00,-7.12,0.15,0.08,3.67,-4.28,-0.13,2.72,0.00,-0.07,3.65,0.00,0.00,0.00,0.06,
31.345,7.00,-7.12,0.15,0.08,3.71,-4.28,-0.13,2.64,0.00,-0.07,3.71,0.00,0.00,0.00,0.06,
31.366,7.00,-7.11,0.15,0.08,3.70,-4.28,-0.13,2.77,0.00,-0.07,3.82,0.00,0.00,0.00,0.07,
31.388,7.00,-7.12,0.15,0.08,3.64,-4.28,-0.13,2.63,0.00,-0.07,3.91,0.00,0.00,0.00,0.06,
31.409,7.00,-7.08,0.15,0.08,3.63,-4.28,-0.13,2.69,0.00,-0.07,4.00,0.00,0.00,0.00,0.06,
31.43,7.00,-7.08,0.15,0.08,3.62,-4.28,-0.13,2.67,0.00,-0.07,4.18,0.00,0.00,0.00,0.06,
31.451,7.00,-7.10,0.15,0.08,3.63,-4.28,-0.13,2.67,0.00,-0.07,4.72,0.00,0.00,0.00,0.06,
31.472,7.00,-7.12,0.15,0.08,3.63,-4.28,-0.13,2.66,0.00,-0.07,5.86,0.00,0.00,0.00,0.06,
31.493,7.00,-7.11,0.15,0.08,3.59,-4.28,-0.13,2.69,0.00,-0.07,7.57,0.00,-0.00,0.00,0.06,
31.514,7.00,-7.10,0.15,0.08,3.62,-4.28,-0.13,2.76,0.00,-0.07,9.75,0.00,-0.00,0.00,0.07,
31.535,7.00,-7.09,0.15,0.08,3.64,-4.28,-0.13,2.67,0.00,-0.07,12.07,0.00,-0.00,0.00,0.06,
31.556,7.00,-7.11,0.15,0.08,3.64,-4.28,-0.13,2.60,0.00,-0.07,14.32,0.00,-0.00,0.00,0.06,
31.577,7.00,-7.10,0.15,0.08,3.66,-4.28,-0.13,3.37,0.00,-0.07,16.47,0.00,-0.00,0.00,0.08,
31.598,7.00,-7.16,0.15,0.08,3.67,-4.28,-0.13,3.19,0.00,-0.07,18.73,0.00,-0.00,0.00,0.07,
31.619,7.00,-7.21,0.15,0.08,3.67,-4.28,-0.13,2.33,0.00,-0.07,20.92,0.00,-0.00,0.00,0.05,
31.64,7.00,-7.31,0.15,0.08,3.66,-4.28,-0.13,2.17,0.00,-0.07,23.14,0.00,-0.00,0.00,0.09,
31.661,7.00,-7.42,0.15,0.08,3.66,-4.28,-0.13,2.91,0.00,-0.07,24.98,0.00,-0.00,0.00,0.07,
31.682,7.00,-7.50,0.15,0.08,3.66,-4.28,-0.13,3.36,0.00,-0.07,27.00,0.00,-0.01,0.00,0.08,
31.703,7.00,-7.64,0.15,0.08,3.67,-4.28,-0.13,3.42,0.00,-0.07,28.93,0.00,-0.01,0.00,0.10,
31.724,7.00,-7.80,0.15,0.08,3.70,-4.28,-0.13,2.56,0.00,-0.07,30.57,0.00,-0.01,0.00,0.02,
31.746,7.00,-7.94,0.15,0.08,3.67,-4.28,-0.13,2.90,0.00,-0.07,32.24,0.00,-0.01,0.00,0.20,
31.767,7.00,-8.09,0.15,0.08,3.70,-4.28,-0.13,3.51,0.00,-0.07,34.32,0.00,-0.01,0.00,0.01,
31.788,7.00,-8.12,0.15,0.08,3.67,-4.28,-0.13,3.64,0.00,-0.07,36.02,0.00,-0.01,0.00,0.01,
31.809,7.00,-8.15,0.15,0.08,3.67,-4.28,-0.13,3.33,0.00,-0.07,37.64,0.00,-0.01,0.00,-0.05,
31.83,7.00,-8.13,0.15,0.08,3.74,-4.28,-0.13,2.78,0.00,-0.07,39.15,0.00,-0.01,0.00,0.06,
31.851,7.00,-8.03,0.15,0.08,3.72,-4.28,-0.13,3.81,0.00,-0.07,40.56,0.00,-0.01,0.00,0.15,
31.872,7.00,-7.96,0.15,0.08,3.74,-4.28,-0.13,2.61,0.00,-0.07,42.16,0.00,-0.01,0.00,0.02,
31.893,7.00,-7.95,0.15,0.08,3.75,-4.28,-0.13,1.55,0.00,-0.07,42.92,0.00,-0.01,0.00,0.16,
31.914,7.00,-8.03,0.15,0.08,3.77,-4.28,-0.13,2.97,0.00,-0.07,43.59,0.00,-0.01,0.00,0.04,
31.935,7.00,-8.08,0.15,0.08,3.77,-4.28,-0.13,3.13,0.00,-0.07,43.89,0.00,-0.01,0.00,-0.08,
31.956,7.00,-8.14,0.15,0.08,3.78,-4.28,-0.13,3.55,0.00,-0.07,43.98,0.00,-0.01,0.00,0.08,
31.977,7.00,-8.15,0.15,0.08,3.74,-4.28,-0.13,4.09,0.00,-0.07,44.14,0.00,-0.01,0.00,0.16,
31.998,7.00,-8.17,0.15,0.08,3.86,-4.28,-0.13,1.01,0.00,-0.07,44.66,0.00,-0.01,0.00,-0.07,
32.019,7.00,-8.11,0.15,0.08,3.76,-4.28,-0.13,4.91,0.00,-0.07,44.88,0.00,-0.01,0.00,0.28,
32.04,7.00,-8.07,0.15,0.08,3.88,-4.28,-0.13,3.15,0.00,-0.07,44.57,0.00,-0.01,0.00,0.01,
32.061,7.00,-8.02,0.15,0.08,3.84,-4.28,-0.13,0.78,0.00,-0.07,44.72,0.00,-0.01,0.00,0.11,
32.082,7.00,-8.03,0.15,0.08,3.86,-4.28,-0.13,3.19,0.00,-0.07,44.96,0.00,-0.01,0.00,0.01,
32.104,7.00,-8.05,0.15,0.08,3.82,-4.28,-0.13,3.33,0.00,-0.07,44.66,0.00,-0.01,0.00,0.04,
32.125,7.00,-8.10,0.15,0.08,3.86,-4.28,-0.13,1.75,0.00,-0.07,44.67,0.00,-0.01,0.00,0.02,
32.146,7.00,-8.13,0.15,0.08,3.86,-4.28,-0.13,3.92,0.00,-0.07,44.55,0.00,-0.01,0.00,0.13,
32.167,7.00,-8.14,0.15,0.08,3.87,-4.28,-0.13,2.81,0.00,-0.07,44.45,0.00,-0.01,0.00,0.14,
32.188,7.00,-8.12,0.15,0.08,3.89,-4.28,-0.13,2.05,0.00,-0.07,44.64,0.00,-0.01,0.00,-0.03,
32.209,7.00,-8.12,0.15,0.08,3.93,-4.28,-0.13,2.22,0.00,-0.07,44.82,0.00,-0.01,0.00,0.02,
32.23,7.00,-8.10,0.15,0.08,3.91,-4.28,-0.13,2.90,0.00,-0.07,44.80,0.00,-0.02,0.00,0.26,
32.251,7.00,-8.09,0.15,0.08,3.95,-4.28,-0.13,1.89,0.00,-0.07,44.77,0.00,-0.02,0.00,0.07,
32.272,7.00,-8.08,0.15,0.08,3.93,-4.28,-0.13,3.63,0.00,-0.07,44.98,0.00,-0.02,0.00,0.16,
32.293,7.00,-8.11,0.15,0.08,3.95,-4.28,-0.13,3.65,0.00,-0.07,44.62,0.00,-0.02,0.00,0.07,
32.314,7.00,-8.14,0.15,0.08,3.94,-4.28,-0.13,2.26,0.00,-0.07,44.65,0.00,-0.01,0.00,0.05,
32.335,7.00,-8.16,0.15,0.08,3.96,-4.28,-0.13,2.10,0.00,-0.07,44.90,0.00,-0.01,0.00,0.03,
32.356,7.00,-8.16,0.15,0.08,3.91,-4.28,-0.13,3.89,0.00,-0.07,44.89,0.00,-0.01,0.00,-0.00,
32.377,7.00,-8.16,0.15,0.08,3.97,-4.28,-0.13,3.43,0.00,-0.07,44.86,0.00,-0.01,0.00,-0.01,
32.398,7.00,-8.15,0.15,0.08,3.96,-4.28,-0.13,1.99,0.00,-0.07,44.81,0.00,-0.01,0.00,0.11,
32.419,7.00,-8.13,0.15,0.08,4.02,-4.28,-0.13,2.59,0.00,-0.07,44.95,0.00,-0.01,0.00,-0.07,
32.44,7.00,-8.12,0.15,0.08,4.00,-4.28,-0.13,2.84,0.00,-0.07,44.87,0.00,-0.01,0.00,0.21,
32.461,7.00,-8.13,0.15,0.08,4.01,-4.28,-0.13,3.49,0.00,-0.07,44.59,0.00,-0.01,0.00,-0.01,
32.483,7.00,-8.15,0.15,0.08,4.05,-4.28,-0.13,2.39,0.00,-0.07,44.60,0.00,-0.01,0.00,0.10,
32.504,7.00,-8.16,0.15,0.08,4.03,-4.28,-0.13,2.42,0.00,-0.07,44.24,0.00,-0.02,0.00,0.08,
32.525,7.00,-8.19,0.15,0.08,4.03,-4.28,-0.13,3.02,0.00,-0.07,44.87,0.00,-0.02,0.00,0.16,
32.546,7.00,-8.17,0.15,0.08,4.03,-4.28,-0.13,2.46,0.00,-0.07,44.62,0.00,-0.02,0.00,-0.01,
32.567,7.00,-8.16,0.15,0.08,4.06,-4.28,-0.13,2.46,0.00,-0.07,44.61,0.00,-0.02,0.00,-0.07,
32.588,7.00,-8.14,0.15,0.08,4.05,-4.28,-0.13,3.22,0.00,-0.07,44.67,0.00,-0.01,0.00,0.12,
32.609,7.00,-8.15,0.15,0.08,4.07,-4.28,-0.13,2.38,0.00,-0.07,44.83,0.00,-0.01,0.00,0.12,
32.63,7.00,-8.15,0.15,0.08,4.13,-4.28,-0.13,0.91,0.00,-0.07,44.72,0.00,-0.01,0.00,-0.06,
32.651,7.00,-8.10,0.15,0.08,4.08,-4.28,-0.13,4.81,0.00,-0.07,44.56,0.00,-0.01,0.00,0.22,
32.672,7.00,-8.12,0.15,0.08,4.10,-4.28,-0.13,3.21,0.00,-0.07,44.75,0.00,-0.01,0.00,0.00,
32.693,7.00,-8.14,0.15,0.08,4.11,-4.28,-0.13,0.43,0.00,-0.07,44.64,0.00,-0.01,0.00,0.02,
32.714,7.00,-8.13,0.15,0.08,4.13,-4.28,-0.13,3.52,0.00,-0.07,44.40,0.00,-0.01,0.00,0.06,
32.735,7.00,-8.11,0.15,0.08,4.09,-4.28,-0.13,5.07,0.00,-0.07,44.60,0.00,-0.01,0.00,0.07,
32.756,7.00,-8.11,0.15,0.08,4.15,-4.28,-0.13,0.73,0.00,-0.07,44.51,0.00,-0.01,0.00,-0.01,
32.777,7.00,-8.10,0.15,0.08,4.13,-4.28,-0.13,2.89,0.00,-0.07,44.47,0.00,-0.01,0.00,0.05,
32.798,7.00,-8.10,0.15,0.08,4.11,-4.28,-0.13,4.24,0.00,-0.07,44.61,0.00,-0.01,0.00,0.12,
32.82,7.00,-8.09,0.15,0.08,4.11,-4.28,-0.13,2.10,0.00,-0.07,44.70,0.00,-0.01,0.00,0.11,
32.841,7.00,-8.12,0.15,0.08,4.13,-4.28,-0.13,2.75,0.00,-0.07,44.79,0.00,-0.01,0.00,0.03,
32.862,7.00,-8.10,0.15,0.08,4.12,-4.28,-0.13,3.71,0.00,-0.07,44.78,0.00,-0.02,0.00,0.13,
32.883,7.00,-8.13,0.15,0.08,4.15,-4.28,-0.13,2.64,0.00,-0.07,44.70,0.00,-0.02,0.00,0.07,
32.904,7.00,-8.11,0.15,0.08,4.15,-4.28,-0.13,2.38,0.00,-0.07,44.72,0.00,-0.02,0.00,0.16,
32.925,7.00,-8.12,0.15,0.08,4.17,-4.28,-0.13,2.84,0.00,-0.07,44.74,0.00,-0.02,0.00,0.06,
32.946,7.00,-8.09,0.15,0.08,4.12,-4.28,-0.13,3.58,0.00,-0.07,44.78,0.00,-0.02,0.00,0.29,
32.967,7.00,-8.12,0.15,0.08,4.22,-4.28,-0.13,1.65,0.00,-0.07,43.99,0.00,-0.02,0.00,-0.09,
32.988,7.00,-8.08,0.15,0.08,4.13,-4.28,-0.13,2.65,0.00,-0.07,42.60,0.00,-0.01,0.00,0.16,
33.009,7.00,-8.08,0.15,0.08,4.17,-4.28,-0.13,4.70,0.00,-0.07,40.17,0.00,-0.01,0.00,-0.08,
33.03,7.00,-8.08,0.15,0.08,4.18,-4.28,-0.13,-0.19,0.00,-0.07,37.88,0.00,-0.01,0.00,0.14,
33.051,7.00,-8.02,0.15,0.08,4.19,-4.28,-0.13,1.59,0.00,-0.07,35.48,0.00,-0.01,0.00,0.03,
33.072,7.00,-7.98,0.15,0.08,4.21,-4.28,-0.13,3.93,0.00,-0.07,33.24,0.00,-0.01,0.00,0.10,
33.093,7.00,-7.94,0.15,0.08,4.20,-4.28,-0.13,3.26,0.00,-0.07,30.70,0.00,-0.01,0.00,0.12,
33.114,7.00,-7.95,0.15,0.08,4.21,-4.28,-0.13,1.37,0.00,-0.07,28.45,0.00,-0.01,0.00,-0.02,
33.135,7.00,-7.91,0.15,0.08,4.20,-4.28,-0.13,2.04,0.00,-0.07,26.61,0.00,-0.01,0.00,0.08,
33.156,7.00,-7.92,0.15,0.08,4.21,-4.28,-0.13,3.06,0.00,-0.07,24.74,0.00,-0.01,0.00,0.15,
33.177,7.00,-7.92,0.15,0.08,4.23,-4.28,-0.13,1.76,0.00,-0.07,23.29,0.00,-0.01,0.00,0.11,
33.199,7.00,-7.91,0.15,0.08,4.23,-4.28,-0.13,2.38,0.00,-0.07,21.78,0.00,-0.01,0.00,0.09,
33.22,7.00,-7.90,0.15,0.08,4.18,-4.28,-0.13,3.70,0.00,-0.07,20.16,0.00,-0.01,0.00,0.03,
33.241,7.00,-7.89,0.15,0.08,4.19,-4.28,-0.13,2.67,0.00,-0.07,19.00,0.00,-0.01,0.00,0.09,
33.262,7.00,-7.89,0.15,0.08,4.19,-4.28,-0.13,1.85,0.00,-0.07,18.07,0.00,-0.01,0.00,0.04,
33.283,7.00,-7.86,0.15,0.08,4.19,-4.28,-0.13,2.95,0.00,-0.07,16.97,0.00,-0.01,0.00,0.05,
33.304,7.00,-7.83,0.15,0.08,4.16,-4.28,-0.13,3.07,0.00,-0.07,16.02,0.00,-0.01,0.00,0.07,
33.325,7.00,-7.81,0.15,0.08,4.15,-4.28,-0.13,2.35,0.00,-0.07,15.16,0.00,-0.01,0.00,0.02,
33.346,7.00,-7.75,0.15,0.08,4.12,-4.28,-0.13,2.79,0.00,-0.07,14.55,0.00,-0.01,0.00,0.05,
33.367,7.00,-7.75,0.15,0.08,4.11,-4.28,-0.13,2.74,0.00,-0.07,13.70,0.00,-0.01,0.00,0.05,
33.388,7.00,-7.70,0.15,0.08,4.11,-4.28,-0.13,2.13,0.00,-0.07,13.01,0.00,-0.01,0.00,0.06,
33.409,7.00,-7.67,0.15,0.08,4.10,-4.28,-0.13,2.72,0.00,-0.07,12.41,0.00,-0.01,0.00,0.07,
33.43,7.00,-7.64,0.15,0.08,4.08,-4.28,-0.13,3.15,0.00,-0.07,11.74,0.00,-0.01,0.00,0.05,
33.451,7.00,-7.58,0.15,0.08,4.05,-4.28,-0.13,2.65,0.00,-0.07,11.04,0.00,-0.01,0.00,0.08,
33.472,7.00,-7.55,0.15,0.08,4.05,-4.28,-0.13,2.39,0.00,-0.07,10.50,0.00,-0.01,0.00,0.07,
33.493,7.00,-7.46,0.15,0.08,4.05,-4.28,-0.13,2.69,0.00,-0.07,10.03,0.00,-0.01,0.00,0.07,
33.514,7.00,-7.42,0.15,0.08,4.01,-4.28,-0.13,2.67,0.00,-0.07,9.55,0.00,-0.00,0.00,0.07,
33.535,7.00,-7.40,0.15,0.08,3.98,-4.28,-0.13,2.60,0.00,-0.07,9.13,0.00,-0.00,0.00,0.06,
33.557,7.00,-7.36,0.15,0.08,3.97,-4.28,-0.13,2.88,0.00,-0.07,8.91,0.00,-0.00,0.00,0.08,
33.578,7.00,-7.39,0.15,0.08,3.94,-4.28,-0.13,2.63,0.00,-0.07,8.33,0.00,-0.00,0.00,0.06,
33.599,7.00,-7.36,0.15,0.08,3.94,-4.28,-0.13,2.40,0.00,-0.07,7.94,0.00,-0.00,0.00,0.05,
33.62,7.00,-7.40,0.15,0.08,3.91,-4.28,-0.13,2.63,0.00,-0.07,7.65,0.00,-0.00,0.00,0.07,
33.641,7.00,-7.36,0.15,0.08,3.84,-4.28,-0.13,2.90,0.00,-0.07,7.39,0.00,-0.00,0.00,0.07,
33.662,7.00,-7.38,0.15,0.08,3.84,-4.28,-0.13,2.61,0.00,-0.07,7.13,0.00,-0.00,0.00,0.06,
33.683,7.00,-7.38,0.15,0.08,3.82,-4.28,-0.13,2.60,0.00,-0.07,6.81,0.00,-0.00,0.00,0.05,
33.704,7.00,-7.37,0.15,0.08,3.77,-4.28,-0.13,2.97,0.00,-0.07,6.55,0.00,-0.00,0.00,0.07,
33.725,7.00,-7.40,0.15,0.08,3.72,-4.28,-0.13,2.58,0.00,-0.07,6.30,0.00,-0.00,0.00,0.06,
33.746,7.00,-7.40,0.15,0.08,3.73,-4.28,-0.13,2.49,0.00,-0.07,5.85,0.00,-0.00,0.00,0.06,
33.767,7.00,-7.45,0.15,0.08,3.73,-4.28,-0.13,2.79,0.00,-0.07,5.59,0.00,-0.00,0.00,0.07,
33.788,7.00,-7.43,0.15,0.08,3.72,-4.28,-0.13,2.71,0.00,-0.07,5.35,0.00,-0.00,0.00,0.07,
33.809,7.00,-7.50,0.15,0.08,3.71,-4.28,-0.13,2.58,0.00,-0.07,4.96,0.00,-0.00,0.00,0.06,
33.83,7.00,-7.45,0.15,0.08,3.72,-4.28,-0.13,2.62,0.00,-0.07,5.21,0.00,-0.00,0.00,0.06,
33.851,7.00,-7.54,0.15,0.08,3.69,-4.28,-0.13,2.83,0.00,-0.07,5.44,0.00,-0.00,0.00,0.06,
33.872,7.00,-7.49,0.15,0.08,3.71,-4.28,-0.13,2.50,0.00,-0.07,5.56,0.00,-0.01,0.00,0.06,
33.893,7.00,-7.49,0.15,0.08,3.72,-4.28,-0.13,2.59,0.00,-0.07,5.51,0.00,-0.01,0.00,0.06,
33.915,7.00,-7.54,0.15,0.08,3.71,-4.28,-0.13,2.81,0.00,-0.07,5.45,0.00,-0.01,0.00,0.07,
33.936,7.00,-7.51,0.15,0.08,3.71,-4.28,-0.13,2.57,0.00,-0.07,5.01,0.00,-0.01,0.00,0.06,
33.957,7.00,-7.49,0.15,0.08,3.73,-4.28,-0.13,2.59,0.00,-0.07,4.71,0.00,-0.01,0.00,0.06,
33.978,7.00,-7.50,0.15,0.08,3.69,-4.28,-0.13,2.82,0.00,-0.07,4.47,0.00,-0.01,0.00,0.06,
33.999,7.00,-7.51,0.15,0.08,3.73,-4.28,-0.13,2.56,0.00,-0.07,4.33,0.00,-0.01,0.00,0.06,
34.02,7.00,-7.45,0.15,0.08,3.72,-4.28,-0.13,2.60,0.00,-0.07,4.18,0.00,-0.01,0.00,0.06,
34.041,7.00,-7.48,0.15,0.08,3.68,-4.28,-0.13,2.79,0.00,-0.07,4.07,0.00,-0.00,0.00,0.07,
34.062,7.00,-7.49,0.15,0.08,3.69,-4.28,-0.13,2.65,0.00,-0.07,3.95,0.00,-0.00,0.00,0.07,
34.083,7.00,-7.42,0.15,0.08,3.71,-4.28,-0.13,2.53,0.00,-0.07,3.80,0.00,-0.00,0.00,0.07,
34.104,7.00,-7.44,0.15,0.08,3.74,-4.28,-0.13,2.81,0.00,-0.07,3.74,0.00,-0.00,0.00,0.06,
34.125,7.00,-7.38,0.15,0.08,3.67,-4.28,-0.13,2.80,0.00,-0.07,3.66,0.00,-0.00,0.00,0.07,
34.146,7.00,-7.40,0.15,0.08,3.67,-4.28,-0.13,2.52,0.00,-0.07,3.47,0.00,-0.01,0.00,0.07,
34.167,7.00,-7.37,0.15,0.08,3.68,-4.28,-0.13,2.72,0.00,-0.07,3.28,0.00,-0.01,0.00,0.06,
34.188,7.00,-7.42,0.15,0.08,3.68,-4.28,-0.13,2.75,0.00,-0.07,3.20,0.00,-0.01,0.00,0.06,
34.209,7.00,-7.37,0.15,0.08,3.68,-4.28,-0.13,2.52,0.00,-0.07,2.91,0.00,-0.01,0.00,0.07,
34.23,7.00,-7.35,0.15,0.08,3.69,-4.28,-0.13,2.66,0.00,-0.07,3.26,0.00,-0.01,0.00,0.07,
34.251,7.00,-7.40,0.15,0.08,3.70,-4.28,-0.13,2.72,0.00,-0.07,3.52,0.00,-0.01,0.00,0.07,
34.273,7.00,-7.37,0.15,0.08,3.70,-4.28,-0.13,2.60,0.00,-0.07,3.65,0.00,-0.01,0.00,0.06,
34.294,7.00,-7.35,0.15,0.08,3.70,-4.28,-0.13,2.67,0.00,-0.07,3.75,0.00,-0.01,0.00,0.06,
34.315,7.00,-7.37,0.15,0.08,3.67,-4.28,-0.13,2.72,0.00,-0.07,3.64,0.00,-0.01,0.00,0.06,
34.336,7.00,-7.38,0.15,0.08,3.64,-4.28,-0.13,2.60,0.00,-0.07,3.23,0.00,-0.01,0.00,0.06,
34.357,7.00,-7.36,0.15,0.08,3.67,-4.28,-0.13,2.57,0.00,-0.07,2.90,0.00,-0.01,0.00,0.06,
34.378,7.00,-7.38,0.15,0.08,3.63,-4.28,-0.13,2.69,0.00,-0.07,2.66,0.00,-0.01,0.00,0.06,
34.399,7.00,-7.43,0.15,0.08,3.60,-4.28,-0.13,2.72,0.00,-0.07,2.53,0.00,-0.01,0.00,0.06,
34.42,7.00,-7.46,0.15,0.08,3.64,-4.28,-0.13,2.57,0.00,-0.07,2.65,0.00,-0.00,0.00,0.06,
34.441,7.00,-7.45,0.15,0.08,3.70,-4.28,-0.13,2.69,0.00,-0.07,3.14,0.00,-0.00,0.00,0.06,
34.462,7.00,-7.45,0.15,0.08,3.70,-4.28,-0.13,2.72,0.00,-0.07,3.47,0.00,-0.00,0.00,0.06,
34.483,7.00,-7.47,0.15,0.08,3.68,-4.28,-0.13,2.66,0.00,-0.07,3.68,0.00,-0.00,0.00,0.06,
34.504,7.00,-7.47,0.15,0.08,3.64,-4.28,-0.13,2.69,0.00,-0.07,3.73,0.00,-0.01,0.00,0.06,
34.525,7.00,-7.44,0.15,0.08,3.65,-4.28,-0.13,2.71,0.00,-0.07,3.79,0.00,-0.01,0.00,0.06,
34.546,7.00,-7.45,0.15,0.08,3.70,-4.28,-0.13,2.64,0.00,-0.07,3.86,0.00,-0.01,0.00,0.06,
34.567,7.00,-7.46,0.15,0.08,3.68,-4.28,-0.13,2.71,0.00,-0.07,3.90,0.00,-0.01,0.00,0.06,
34.588,7.00,-7.48,0.15,0.08,3.68,-4.28,-0.13,2.68,0.00,-0.07,3.96,0.00,-0.00,0.00,0.07,
34.609,7.00,-7.45,0.15,0.08,3.70,-4.28,-0.13,2.72,0.00,-0.07,3.97,0.00,-0.00,0.00,0.06,
34.631,7.00,-7.40,0.15,0.08,3.68,-4.28,-0.13,2.66,0.00,-0.07,3.44,0.00,-0.00,0.00,0.06,
34.652,7.00,-7.37,0.15,0.08,3.66,-4.28,-0.13,2.69,0.00,-0.07,3.06,0.00,-0.00,0.00,0.07,
34.673,7.00,-7.39,0.15,0.08,3.66,-4.28,-0.13,2.70,0.00,-0.07,2.76,0.00,-0.00,0.00,0.06,
34.694,7.00,-7.34,0.15,0.08,3.69,-4.28,-0.13,2.66,0.00,-0.07,2.60,0.00,-0.00,0.00,0.06,
34.715,7.00,-7.38,0.15,0.08,3.71,-4.28,-0.13,2.73,0.00,-0.07,2.46,0.00,-0.00,0.00,0.07,
34.736,7.00,-7.37,0.15,0.08,3.69,-4.28,-0.13,2.70,0.00,-0.07,2.70,0.00,-0.00,0.00,0.07,
34.757,7.00,-7.42,0.15,0.08,3.64,-4.28,-0.13,2.64,0.00,-0.07,2.79,0.00,-0.00,0.00,0.06,
34.778,7.00,-7.37,0.15,0.08,3.63,-4.28,-0.13,2.61,0.00,-0.07,2.82,0.00,-0.00,0.00,0.06,
34.799,7.00,-7.33,0.15,0.08,3.59,-4.28,-0.13,2.65,0.00,-0.07,2.86,0.00,-0.00,0.00,0.06,
34.82,7.00,-7.35,0.15,0.08,3.65,-4.28,-0.13,2.62,0.00,-0.07,2.95,0.00,-0.00,0.00,0.06,
34.841,7.00,-7.40,0.15,0.08,3.64,-4.28,-0.13,2.70,0.00,-0.07,3.09,0.00,-0.00,0.00,0.06,
34.862,7.00,-7.43,0.15,0.08,3.67,-4.28,-0.13,2.71,0.00,-0.07,3.19,0.00,-0.00,0.00,0.06,
34.883,7.00,-7.40,0.15,0.08,3.71,-4.28,-0.13,2.71,0.00,-0.07,3.15,0.00,-0.00,0.00,0.07,
34.904,7.00,-7.39,0.15,0.08,3.68,-4.28,-0.13,2.65,0.00,-0.07,3.15,0.00,-0.00,0.00,0.06,
34.925,7.00,-7.44,0.15,0.08,3.67,-4.28,-0.13,2.73,0.00,-0.07,3.01,0.00,-0.00,0.00,0.06,
34.946,7.00,-7.42,0.15,0.08,3.69,-4.28,-0.13,2.60,0.00,-0.07,2.96,0.00,-0.00,0.00,0.06,
34.967,7.00,-7.38,0.15,0.08,3.69,-4.28,-0.13,2.68,0.00,-0.07,2.85,0.00,-0.00,0.00,0.06,
34.989,7.00,-7.42,0.15,0.08,3.68,-4.28,-0.13,2.68,0.00,-0.07,2.81,0.00,-0.00,0.00,0.06,
35.01,7.00,-7.44,0.15,0.08,3.69,-4.28,-0.13,2.64,0.00,-0.07,2.77,0.00,-0.00,0.00,0.06,
35.031,7.00,-7.45,0.15,0.08,3.66,-4.28,-0.13,2.70,0.00,-0.07,3.10,0.00,-0.00,0.00,0.06,
35.052,7.00,-7.45,0.15,0.08,3.67,-4.28,-0.13,2.68,0.00,-0.07,3.35,0.00,-0.00,0.00,0.06,
35.073,7.00,-7.42,0.15,0.08,3.64,-4.28,-0.13,2.67,0.00,-0.07,3.52,0.00,-0.00,0.00,0.06,
35.094,7.00,-7.44,0.15,0.08,3.68,-4.28,-0.13,2.72,0.00,-0.07,3.68,0.00,-0.00,0.00,0.06,
35.115,7.00,-7.44,0.15,0.08,3.66,-4.28,-0.13,2.73,0.00,-0.07,3.69,0.00,-0.00,0.00,0.06,
35.136,7.00,-7.45,0.15,0.08,3.64,-4.28,-0.13,2.64,0.00,-0.07,3.21,0.00,-0.00,0.00,0.06,
35.157,7.00,-7.50,0.15,0.08,3.64,-4.28,-0.13,2.64,0.00,-0.07,2.89,0.00,-0.00,0.00,0.07,
35.178,7.00,-7.44,0.15,0.08,3.65,-4.28,-0.13,2.65,0.00,-0.07,2.59,0.00,-0.00,0.00,0.07,
35.199,7.00,-7.41,0.15,0.08,3.73,-4.28,-0.13,2.72,0.00,-0.07,2.43,0.00,-0.00,0.00,0.07,
35.22,7.00,-7.39,0.15,0.08,3.69,-4.28,-0.13,2.73,0.00,-0.07,2.35,0.00,-0.00,0.00,0.06,
35.241,7.00,-7.35,0.15,0.08,3.68,-4.28,-0.13,2.66,0.00,-0.07,2.30,0.00,-0.01,0.00,0.07,
35.262,7.00,-7.34,0.15,0.08,3.69,-4.28,-0.13,2.71,0.00,-0.07,2.24,0.00,-0.01,0.00,0.07,
35.283,7.00,-7.38,0.15,0.08,3.70,-4.28,-0.13,2.60,0.00,-0.07,2.20,0.00,-0.01,0.00,0.07,
35.304,7.00,-7.35,0.15,0.08,3.69,-4.28,-0.13,2.62,0.00,-0.07,2.19,0.00,-0.01,0.00,0.07,
35.325,7.00,-7.37,0.15,0.08,3.71,-4.28,-0.13,2.69,0.00,-0.07,2.36,0.00,-0.00,0.00,0.06,
35.347,7.00,-7.39,0.15,0.08,3.68,-4.28,-0.13,2.73,0.00,-0.07,2.57,0.00,-0.00,0.00,0.06,
35.368,7.00,-7.35,0.15,0.08,3.66,-4.28,-0.13,2.65,0.00,-0.07,2.64,0.00,-0.00,0.00,0.06,
35.389,7.00,-7.34,0.15,0.08,3.65,-4.28,-0.13,2.74,0.00,-0.07,2.64,0.00,-0.00,0.00,0.06,
35.41,7.00,-7.33,0.15,0.08,3.64,-4.28,-0.13,2.70,0.00,-0.07,2.72,0.00,-0.00,0.00,0.06,
35.431,7.00,-7.42,0.15,0.08,3.62,-4.28,-0.13,2.60,0.00,-0.07,2.56,0.00,-0.00,0.00,0.06,
35.452,7.00,-7.38,0.15,0.08,3.67,-4.28,-0.13,2.63,0.00,-0.07,2.43,0.00,-0.00,0.00,0.07,
35.473,7.00,-7.36,0.15,0.08,3.72,-4.28,-0.13,2.67,0.00,-0.07,2.29,0.00,-0.00,0.00,0.07,
35.494,7.00,-7.40,0.15,0.08,3.70,-4.28,-0.13,2.72,0.00,-0.07,2.23,0.00,-0.01,0.00,0.06,
35.515,7.00,-7.37,0.15,0.08,3.72,-4.28,-0.13,2.69,0.00,-0.07,2.28,0.00,-0.01,0.00,0.07,
35.536,7.00,-7.44,0.15,0.08,3.70,-4.28,-0.13,2.64,0.00,-0.07,2.90,0.00,-0.01,0.00,0.06,
35.557,7.00,-7.40,0.15,0.08,3.66,-4.28,-0.13,2.66,0.00,-0.07,3.26,0.00,-0.01,0.00,0.06,
35.578,7.00,-7.47,0.15,0.08,3.67,-4.28,-0.13,2.63,0.00,-0.07,3.52,0.00,-0.01,0.00,0.07,
35.599,7.00,-7.43,0.15,0.08,3.68,-4.28,-0.13,2.65,0.00,-0.07,3.65,0.00,-0.00,0.00,0.06,
35.62,7.00,-7.42,0.15,0.08,3.65,-4.28,-0.13,2.59,0.00,-0.07,3.51,0.00,-0.00,0.00,0.06,
35.641,7.00,-7.40,0.15,0.08,3.65,-4.28,-0.13,2.63,0.00,-0.07,3.27,0.00,-0.00,0.00,0.06,
35.662,7.00,-7.41,0.15,0.08,3.68,-4.28,-0.13,2.71,0.00,-0.07,3.20,0.00,-0.00,0.00,0.06,
35.683,7.00,-7.40,0.15,0.08,3.64,-4.28,-0.13,2.74,0.00,-0.07,3.00,0.00,-0.00,0.00,0.06,
35.705,7.00,-7.33,0.15,0.08,3.67,-4.28,-0.13,2.66,0.00,-0.07,2.89,0.00,-0.00,0.00,0.06,
35.726,7.00,-7.38,0.15,0.08,3.63,-4.28,-0.13,2.67,0.00,-0.07,2.86,0.00,-0.00,0.00,0.06,
35.747,7.00,-7.41,0.15,0.08,3.66,-4.28,-0.13,2.72,0.00,-0.07,2.93,0.00,-0.00,0.00,0.06,
35.768,7.00,-7.41,0.15,0.08,3.60,-4.28,-0.13,2.67,0.00,-0.07,2.79,0.00,-0.00,0.00,0.06,
35.789,7.00,-7.41,0.15,0.08,3.62,-4.28,-0.13,2.57,0.00,-0.07,2.88,0.00,-0.00,0.00,0.06,
35.81,7.00,-7.41,0.15,0.08,3.68,-4.28,-0.13,2.63,0.00,-0.07,3.06,0.00,-0.00,0.00,0.07,
35.831,7.00,-7.42,0.15,0.08,3.66,-4.28,-0.13,2.65,0.00,-0.07,2.85,0.00,-0.00,0.00,0.06,
35.852,7.00,-7.38,0.15,0.08,3.65,-4.28,-0.13,2.65,0.00,-0.07,2.62,0.00,-0.00,0.00,0.06,
35.873,7.00,-7.36,0.15,0.08,3.64,-4.28,-0.13,2.69,0.00,-0.07,2.50,0.00,-0.00,0.00,0.06,
35.894,7.00,-7.39,0.15,0.08,3.63,-4.35,-0.13,2.65,0.00,-0.07,2.40,0.00,-0.00,0.00,0.07,
35.915,7.00,-7.37,0.15,0.08,3.61,-4.35,-0.13,2.63,0.00,-0.07,2.33,0.00,-0.00,0.00,0.06,
35.936,7.00,-7.38,0.15,0.08,3.65,-4.35,-0.13,2.67,0.00,-0.07,2.64,0.00,-0.00,0.00,0.06,
35.957,7.00,-7.38,0.15,0.08,3.67,-4.35,-0.13,2.69,0.00,-0.07,2.82,0.00,-0.00,0.00,0.06,
35.978,7.00,-7.39,0.15,0.08,3.68,-4.35,-0.13,2.69,0.00,-0.07,2.99,0.00,-0.00,0.00,0.06,
